model,subject,pred_mean,pred_lower,pred_upper
meta-llama/Llama-3.1-70B,abstract_algebra,0.38562550281359337,0.3534963147782915,0.41759797260466525
meta-llama/Llama-3.1-70B,anatomy,0.5836139024801166,0.5549603149325787,0.6122830601805554
meta-llama/Llama-3.1-70B,astronomy,0.6598598602277973,0.6335780446236258,0.6852076833507861
meta-llama/Llama-3.1-70B,business_ethics,0.6925011060386492,0.6638110689444093,0.7198065737351613
meta-llama/Llama-3.1-70B,clinical_knowledge,0.6164379759868459,0.5921602812004855,0.6405133005062091
meta-llama/Llama-3.1-70B,college_biology,0.6630870912320578,0.6366386026746755,0.6884820472278738
meta-llama/Llama-3.1-70B,college_chemistry,0.47877136498400663,0.4456522908268117,0.5121308039241312
meta-llama/Llama-3.1-70B,college_computer_science,0.5536609712616147,0.5212670010804672,0.5858235476707893
meta-llama/Llama-3.1-70B,college_mathematics,0.39580221876157995,0.36385236998922826,0.42837208274510696
meta-llama/Llama-3.1-70B,college_medicine,0.5960848488201281,0.5693122274894591,0.6221413462084965
meta-llama/Llama-3.1-70B,college_physics,0.5137754038871086,0.48119413073011863,0.5465710853646
meta-llama/Llama-3.1-70B,computer_security,0.6678425488328662,0.6385055219238058,0.6967432783889564
meta-llama/Llama-3.1-70B,conceptual_physics,0.6082669094786437,0.5832067786847657,0.6326433682028202
meta-llama/Llama-3.1-70B,econometrics,0.4783642641966942,0.44726378843927805,0.5092525253235515
meta-llama/Llama-3.1-70B,electrical_engineering,0.6048232800689807,0.576322391679499,0.6323999167795479
meta-llama/Llama-3.1-70B,elementary_mathematics,0.6225719248055931,0.6005623243104469,0.6441136652987604
meta-llama/Llama-3.1-70B,formal_logic,0.4732387426578263,0.44279665295715065,0.5037301978046422
meta-llama/Llama-3.1-70B,global_facts,0.4607918848927126,0.42743526326119374,0.493428645113624
meta-llama/Llama-3.1-70B,high_school_biology,0.705389888757934,0.684884110222871,0.7251994162953413
meta-llama/Llama-3.1-70B,high_school_chemistry,0.5490152652209676,0.5227737428519362,0.5757060923681095
meta-llama/Llama-3.1-70B,high_school_computer_science,0.6359506950208674,0.6061153507470656,0.6649721157759785
meta-llama/Llama-3.1-70B,high_school_european_history,0.6208330159064382,0.5938276363376479,0.6474627929999708
meta-llama/Llama-3.1-70B,high_school_geography,0.6900986715937911,0.6663083744146322,0.7129211554832042
meta-llama/Llama-3.1-70B,high_school_government_and_politics,0.6789158467310515,0.6542709899186915,0.7022208196183098
meta-llama/Llama-3.1-70B,high_school_macroeconomics,0.6052559752660288,0.5825817983856154,0.6275919756632224
meta-llama/Llama-3.1-70B,high_school_mathematics,0.42650390022661644,0.4022752405122931,0.4513055742810528
meta-llama/Llama-3.1-70B,high_school_microeconomics,0.6889640306297263,0.6660882887463303,0.7110372974321626
meta-llama/Llama-3.1-70B,high_school_physics,0.5200058127395618,0.49166713948851243,0.5482552099010773
meta-llama/Llama-3.1-70B,high_school_psychology,0.7320170801842519,0.7139264026324079,0.7497428677759158
meta-llama/Llama-3.1-70B,high_school_statistics,0.5810757337243512,0.5549559968093214,0.6066313928398837
meta-llama/Llama-3.1-70B,high_school_us_history,0.6247735809220577,0.5990457737231519,0.6493888289176992
meta-llama/Llama-3.1-70B,high_school_world_history,0.6251452001725841,0.6002962737823226,0.6492130975032319
meta-llama/Llama-3.1-70B,human_aging,0.5835699430793967,0.5584118189398156,0.6086689975424908
meta-llama/Llama-3.1-70B,human_sexuality,0.6953094589037836,0.6691044394871339,0.720802048486418
meta-llama/Llama-3.1-70B,international_law,0.6222390823847553,0.5927458542210979,0.6507964803280715
meta-llama/Llama-3.1-70B,jurisprudence,0.6331120493294649,0.6034090327520806,0.6626898482565163
meta-llama/Llama-3.1-70B,logical_fallacies,0.6110047297003048,0.5822798671358042,0.6385161061148034
meta-llama/Llama-3.1-70B,machine_learning,0.4951747136502224,0.46306898515056155,0.5265675272907873
meta-llama/Llama-3.1-70B,management,0.7027688586290506,0.674988254182617,0.7294251563462659
meta-llama/Llama-3.1-70B,marketing,0.7667398576108021,0.7469036903980815,0.7857250544527227
meta-llama/Llama-3.1-70B,medical_genetics,0.6763799407258972,0.6478053735858017,0.7042821458051763
meta-llama/Llama-3.1-70B,miscellaneous,0.7374416425580649,0.7202420120027094,0.7543181951539286
meta-llama/Llama-3.1-70B,moral_disputes,0.5304138888660819,0.5065616554589061,0.5544961471341446
meta-llama/Llama-3.1-70B,moral_scenarios,0.3593876876728923,0.3394368945214779,0.3791604914511014
meta-llama/Llama-3.1-70B,nutrition,0.6232923040326933,0.6004862153258553,0.6455652621328547
meta-llama/Llama-3.1-70B,philosophy,0.5455286936686002,0.5217466915444974,0.5693838298257973
meta-llama/Llama-3.1-70B,prehistory,0.6009324116331668,0.5773026383270656,0.624379224041768
meta-llama/Llama-3.1-70B,professional_accounting,0.44394616227647193,0.4191416065895589,0.4692062479754989
meta-llama/Llama-3.1-70B,professional_law,0.43232893058225635,0.41217705881032496,0.4522682823879184
meta-llama/Llama-3.1-70B,professional_medicine,0.6246311445970669,0.6004576639665689,0.6481428089414278
meta-llama/Llama-3.1-70B,professional_psychology,0.5604657275622559,0.538557991357219,0.582171270604025
meta-llama/Llama-3.1-70B,public_relations,0.633742862441814,0.6052477586737081,0.6623097829696086
meta-llama/Llama-3.1-70B,security_studies,0.5898477855671487,0.5647203939370765,0.6147070707277279
meta-llama/Llama-3.1-70B,sociology,0.6244151632082569,0.5992983877782856,0.6492358160263518
meta-llama/Llama-3.1-70B,us_foreign_policy,0.7194019504065683,0.6926266697727255,0.745696667364117
meta-llama/Llama-3.1-70B,virology,0.5236498628384469,0.49566374668185514,0.5522941969373619
meta-llama/Llama-3.1-70B,world_religions,0.7321944717059381,0.7091833990084853,0.7543850748853738
meta-llama/Llama-3.1-8B,abstract_algebra,0.3002126043042014,0.27573408683697476,0.324932523399364
meta-llama/Llama-3.1-8B,anatomy,0.48931291536189636,0.4657354588299651,0.5132450740706406
meta-llama/Llama-3.1-8B,astronomy,0.5701244553224859,0.5474357202362201,0.5920336489423541
meta-llama/Llama-3.1-8B,business_ethics,0.6062673023729809,0.5791940955570164,0.6328507368326991
meta-llama/Llama-3.1-8B,clinical_knowledge,0.5234902875049844,0.505400701062165,0.5414154349401835
meta-llama/Llama-3.1-8B,college_biology,0.5736556062987131,0.5504285828711839,0.596629006949488
meta-llama/Llama-3.1-8B,college_chemistry,0.385706547952775,0.35936983443805787,0.4123362712174196
meta-llama/Llama-3.1-8B,college_computer_science,0.45887633464690186,0.4309647500921955,0.4865281210194501
meta-llama/Llama-3.1-8B,college_mathematics,0.30927156036046116,0.28515089705914604,0.3339329879512205
meta-llama/Llama-3.1-8B,college_medicine,0.5021935340462277,0.48016687375126793,0.5236149678449845
meta-llama/Llama-3.1-8B,college_physics,0.41938932923611116,0.3932737950371927,0.4456812838121256
meta-llama/Llama-3.1-8B,computer_security,0.5788946713486243,0.5515973256381748,0.6062919616256746
meta-llama/Llama-3.1-8B,conceptual_physics,0.5148970184869678,0.4954295875345725,0.5346632911983763
meta-llama/Llama-3.1-8B,econometrics,0.38530988334437627,0.3609625048234082,0.4094759709180142
meta-llama/Llama-3.1-8B,electrical_engineering,0.5113080705188697,0.4884182553448586,0.534251535994202
meta-llama/Llama-3.1-8B,elementary_mathematics,0.5299693470559164,0.5139361611723017,0.5456103411718848
meta-llama/Llama-3.1-8B,formal_logic,0.38045033170401205,0.3567787024202999,0.4050706247902974
meta-llama/Llama-3.1-8B,global_facts,0.36874590708323357,0.3426151630720635,0.3956023589978788
meta-llama/Llama-3.1-8B,high_school_biology,0.6207550443590961,0.6038492903694389,0.6372364915517812
meta-llama/Llama-3.1-8B,high_school_chemistry,0.4541817478410632,0.43383535763909686,0.4742132197611573
meta-llama/Llama-3.1-8B,high_school_computer_science,0.5442730486468006,0.5180098678770959,0.5713449423984182
meta-llama/Llama-3.1-8B,high_school_european_history,0.5281528103885398,0.5058793059219127,0.5507382354329708
meta-llama/Llama-3.1-8B,high_school_geography,0.6035507632590773,0.582628583988242,0.6231032503577973
meta-llama/Llama-3.1-8B,high_school_government_and_politics,0.5910909194513927,0.5703464572257658,0.6113740025044855
meta-llama/Llama-3.1-8B,high_school_macroeconomics,0.5117317734024838,0.4956006083852825,0.527664797378771
meta-llama/Llama-3.1-8B,high_school_mathematics,0.33697520759132266,0.320294723430309,0.3536529201299114
meta-llama/Llama-3.1-8B,high_school_microeconomics,0.6022744017941289,0.5840520587871766,0.6204773658165039
meta-llama/Llama-3.1-8B,high_school_physics,0.4254582140291016,0.40292501480265996,0.4479605306425399
meta-llama/Llama-3.1-8B,high_school_psychology,0.6512515532722237,0.6381636511371185,0.6640585348278785
meta-llama/Llama-3.1-8B,high_school_statistics,0.4866882259663393,0.46678865911867207,0.5062727316488496
meta-llama/Llama-3.1-8B,high_school_us_history,0.5323221816044608,0.51232929850794,0.5522791931628824
meta-llama/Llama-3.1-8B,high_school_world_history,0.5327137829980692,0.5136706304082036,0.5522132737487528
meta-llama/Llama-3.1-8B,human_aging,0.48925057614796513,0.46979112310975796,0.5090006214634885
meta-llama/Llama-3.1-8B,human_sexuality,0.6094059483131155,0.5852895247573139,0.6329405701681107
meta-llama/Llama-3.1-8B,international_law,0.5296526181066035,0.5045771827228418,0.5548851295896244
meta-llama/Llama-3.1-8B,jurisprudence,0.5412390276583198,0.5146919120292563,0.5680165379449605
meta-llama/Llama-3.1-8B,logical_fallacies,0.5177888189038751,0.49526286986172974,0.5405188795409357
meta-llama/Llama-3.1-8B,machine_learning,0.4013775058481909,0.375279684166723,0.42740830184904544
meta-llama/Llama-3.1-8B,management,0.6178268374718531,0.5915766360090863,0.6434688062727618
meta-llama/Llama-3.1-8B,marketing,0.6920609606779987,0.674250690068651,0.7095702467076118
meta-llama/Llama-3.1-8B,medical_genetics,0.5883051930149876,0.5615749341965803,0.6148774920624531
meta-llama/Llama-3.1-8B,miscellaneous,0.6575431176048633,0.6458936179042735,0.668948067247035
meta-llama/Llama-3.1-8B,moral_disputes,0.43566928815946077,0.4196719877978608,0.4519012157779536
meta-llama/Llama-3.1-8B,moral_scenarios,0.27710660136758275,0.267021846082645,0.2870594342610115
meta-llama/Llama-3.1-8B,nutrition,0.5307370401843869,0.5139471596753035,0.5474782715522405
meta-llama/Llama-3.1-8B,philosophy,0.4506822429402938,0.4337455894315294,0.46747558082697427
meta-llama/Llama-3.1-8B,prehistory,0.5072204674259791,0.4904615650262633,0.5236610932052628
meta-llama/Llama-3.1-8B,professional_accounting,0.35301485393202425,0.33623713757598916,0.3699473569479531
meta-llama/Llama-3.1-8B,professional_law,0.3422896297774101,0.3326827320723582,0.35188785889531776
meta-llama/Llama-3.1-8B,professional_medicine,0.5321633492006016,0.5141057634947842,0.5503961879568152
meta-llama/Llama-3.1-8B,professional_psychology,0.4656773075300804,0.4524861050971415,0.4788043940148354
meta-llama/Llama-3.1-8B,public_relations,0.5419067535823593,0.5164896016731586,0.5677966083709521
meta-llama/Llama-3.1-8B,security_studies,0.4957205904924576,0.4767701601657101,0.5145680469353457
meta-llama/Llama-3.1-8B,sociology,0.5319385823052065,0.512223265087019,0.5515734515462586
meta-llama/Llama-3.1-8B,us_foreign_policy,0.6367646852427411,0.6112009703477381,0.662630124424297
meta-llama/Llama-3.1-8B,virology,0.4290294426875005,0.40684311577010596,0.4505017628037073
meta-llama/Llama-3.1-8B,world_religions,0.6514782571615161,0.630563416709565,0.671670722328284
meta-llama/Llama-3.2-1B,abstract_algebra,0.15022779009427886,0.1354156305474358,0.1656042277209068
meta-llama/Llama-3.2-1B,anatomy,0.28306060054036014,0.26393601627275154,0.30318820143578473
meta-llama/Llama-3.2-1B,astronomy,0.35337580014514847,0.332663576051619,0.37469101292292356
meta-llama/Llama-3.2-1B,business_ethics,0.38823943555749424,0.3619412616711079,0.4150145336500022
meta-llama/Llama-3.2-1B,clinical_knowledge,0.31158122865980037,0.29578750992575165,0.32782279754708676
meta-llama/Llama-3.2-1B,college_biology,0.3566843311973947,0.33507933970687703,0.37866099247096807
meta-llama/Llama-3.2-1B,college_chemistry,0.20556741915318488,0.18719628499929095,0.2244598914450856
meta-llama/Llama-3.2-1B,college_computer_science,0.25897814833397137,0.23744863084447582,0.2808886857301518
meta-llama/Llama-3.2-1B,college_mathematics,0.15577084710634737,0.14095140638848022,0.17140293847190977
meta-llama/Llama-3.2-1B,college_medicine,0.29361583518652584,0.27580203316749957,0.31204236854921613
meta-llama/Llama-3.2-1B,college_physics,0.22939159921301291,0.21045880609128598,0.2491787073696403
meta-llama/Llama-3.2-1B,computer_security,0.36166825606349473,0.33589767534245135,0.3883941815541038
meta-llama/Llama-3.2-1B,conceptual_physics,0.3042522610996726,0.28779383237215556,0.3211227190385115
meta-llama/Llama-3.2-1B,econometrics,0.2052802197729108,0.1886291125002532,0.22261991955226085
meta-llama/Llama-3.2-1B,electrical_engineering,0.30125071012154564,0.28141092022909836,0.321327660697488
meta-llama/Llama-3.2-1B,elementary_mathematics,0.31716811300083575,0.30338974463636953,0.3316490043962936
meta-llama/Llama-3.2-1B,formal_logic,0.20194090802435394,0.1858150136752215,0.2190271124382575
meta-llama/Llama-3.2-1B,global_facts,0.19402568038979587,0.17639433824047385,0.21227078240570543
meta-llama/Llama-3.2-1B,high_school_biology,0.4027461802585726,0.38534160486250385,0.419713187985294
meta-llama/Llama-3.2-1B,high_school_chemistry,0.2553078110207395,0.23966126528638712,0.2711830236741329
meta-llama/Llama-3.2-1B,high_school_computer_science,0.329850566995336,0.30623888024505286,0.35450383579996525
meta-llama/Llama-3.2-1B,high_school_european_history,0.31563772676514634,0.29600921001505387,0.33558436491106974
meta-llama/Llama-3.2-1B,high_school_geography,0.38547153427776176,0.36538675467195597,0.4059908016433671
meta-llama/Llama-3.2-1B,high_school_government_and_politics,0.3732773136997098,0.3530757633533083,0.3938599335704608
meta-llama/Llama-3.2-1B,high_school_macroeconomics,0.301555766528512,0.28793176944404564,0.3156550841890536
meta-llama/Llama-3.2-1B,high_school_mathematics,0.17312773897139294,0.16237717113212774,0.18428088122114028
meta-llama/Llama-3.2-1B,high_school_microeconomics,0.3841950324899593,0.36577044902552214,0.4032359583551511
meta-llama/Llama-3.2-1B,high_school_physics,0.23379137172991155,0.21707567692739843,0.25102559281899506
meta-llama/Llama-3.2-1B,high_school_psychology,0.4347877350616038,0.4201962763358022,0.44985712003694406
meta-llama/Llama-3.2-1B,high_school_statistics,0.28090452712977726,0.26488761659725957,0.2976440272697541
meta-llama/Llama-3.2-1B,high_school_us_history,0.31924626000994377,0.3016054409049549,0.3371971043440061
meta-llama/Llama-3.2-1B,high_school_world_history,0.3195827810383954,0.30257943608779475,0.33684331374119036
meta-llama/Llama-3.2-1B,human_aging,0.28297807224211424,0.2672484672554053,0.2993369221863096
meta-llama/Llama-3.2-1B,human_sexuality,0.3913370889470405,0.36780548512096406,0.41563913805958713
meta-llama/Llama-3.2-1B,international_law,0.3169651036370845,0.29506355146277485,0.3392439308581249
meta-llama/Llama-3.2-1B,jurisprudence,0.32715296485193646,0.3039942899712049,0.35116734382865905
meta-llama/Llama-3.2-1B,logical_fallacies,0.3067349303955446,0.2874471993812629,0.3263733954599668
meta-llama/Llama-3.2-1B,machine_learning,0.21649537696276938,0.1979228957447723,0.23562036856658664
meta-llama/Llama-3.2-1B,management,0.3998624496948834,0.37325785300119413,0.427172731673263
meta-llama/Llama-3.2-1B,marketing,0.48077699192469686,0.4600032483113275,0.5015185655715831
meta-llama/Llama-3.2-1B,medical_genetics,0.37065141739686347,0.3448647301958119,0.3971089788720226
meta-llama/Llama-3.2-1B,miscellaneous,0.4416268544547017,0.4287373043076674,0.45492261509161774
meta-llama/Llama-3.2-1B,moral_disputes,0.24129488006855532,0.22903230616926293,0.2541871460848437
meta-llama/Llama-3.2-1B,moral_scenarios,0.13636536838351143,0.1302858550863735,0.1428124294632181
meta-llama/Llama-3.2-1B,nutrition,0.3178419381531466,0.3028819939231128,0.33314520360384586
meta-llama/Llama-3.2-1B,philosophy,0.2526114550822225,0.239494449320383,0.2658065114405629
meta-llama/Llama-3.2-1B,prehistory,0.2977707269449658,0.2835492708896824,0.3123973447692227
meta-llama/Llama-3.2-1B,professional_accounting,0.18352823239729665,0.1723769598750624,0.19509638721785866
meta-llama/Llama-3.2-1B,professional_law,0.17652424387812068,0.16984209326145436,0.18339524083088046
meta-llama/Llama-3.2-1B,professional_medicine,0.3190941105713047,0.3030567808259072,0.3354739793902885
meta-llama/Llama-3.2-1B,professional_psychology,0.26416917205911133,0.2533385420654539,0.27533521419940654
meta-llama/Llama-3.2-1B,public_relations,0.3277340547455572,0.30483433371253227,0.3513614736328383
meta-llama/Llama-3.2-1B,security_studies,0.2882565109009438,0.2725436221240404,0.30470275090909044
meta-llama/Llama-3.2-1B,sociology,0.31891014511402627,0.30116037214600244,0.3367557284254716
meta-llama/Llama-3.2-1B,us_foreign_policy,0.4194541781738386,0.3923821611330128,0.44777963280303235
meta-llama/Llama-3.2-1B,virology,0.23641003749266967,0.2203437440635418,0.2530683008498713
meta-llama/Llama-3.2-1B,world_religions,0.435103215583333,0.41226126565456195,0.45777618152859717
meta-llama/Llama-3.2-3B,abstract_algebra,0.21660121207793748,0.19703928415687685,0.23673456650846736
meta-llama/Llama-3.2-3B,anatomy,0.38175859769967163,0.359607118731635,0.40476356364377947
meta-llama/Llama-3.2-3B,astronomy,0.4608326312332109,0.43772067779390283,0.4836479169040603
meta-llama/Llama-3.2-3B,business_ethics,0.49810273247082515,0.46969808299269866,0.5260426255652746
meta-llama/Llama-3.2-3B,clinical_knowledge,0.4144971377872,0.39653919666246507,0.4321625386334051
meta-llama/Llama-3.2-3B,college_biology,0.4644211239700265,0.4413519368881749,0.48763719186581705
meta-llama/Llama-3.2-3B,college_chemistry,0.28809499590739296,0.2654184248346951,0.3116290245972277
meta-llama/Llama-3.2-3B,college_computer_science,0.3534013531380926,0.32801496166582134,0.3791225486483447
meta-llama/Llama-3.2-3B,college_mathematics,0.22394627957437294,0.20447042109393235,0.24443614130940736
meta-llama/Llama-3.2-3B,college_medicine,0.39398171589837444,0.37298396193723743,0.41443362097968334
meta-llama/Llama-3.2-3B,college_physics,0.3176579095468063,0.29464401850822275,0.34182742981309394
meta-llama/Llama-3.2-3B,computer_security,0.4697869664690895,0.44232836872553455,0.4976481312292991
meta-llama/Llama-3.2-3B,conceptual_physics,0.4061716257860823,0.3878850560006814,0.425193520089815
meta-llama/Llama-3.2-3B,econometrics,0.2877399304129701,0.26663956807728373,0.3089667814054702
meta-llama/Llama-3.2-3B,electrical_engineering,0.4027294873906207,0.38034473825599485,0.4252920908157132
meta-llama/Llama-3.2-3B,elementary_mathematics,0.42080945922729357,0.40523684103390856,0.43675789320460917
meta-llama/Llama-3.2-3B,formal_logic,0.2835408197371813,0.26340262482805676,0.3042334564716692
meta-llama/Llama-3.2-3B,global_facts,0.273515838833729,0.2512100397159976,0.2965539874304339
meta-llama/Llama-3.2-3B,high_school_biology,0.5133224526679241,0.4960739604916407,0.5310768728896805
meta-llama/Llama-3.2-3B,high_school_chemistry,0.3490556317950425,0.3305246013652598,0.36776452597701387
meta-llama/Llama-3.2-3B,high_school_computer_science,0.43494613932510967,0.4084350087889613,0.46179087322457035
meta-llama/Llama-3.2-3B,high_school_european_history,0.4190609391821836,0.39720922038376316,0.4408962866862903
meta-llama/Llama-3.2-3B,high_school_geography,0.4952230615639197,0.47442683308782074,0.5159984559911528
meta-llama/Llama-3.2-3B,high_school_government_and_politics,0.4822800014270085,0.4612224820332498,0.5034697445542443
meta-llama/Llama-3.2-3B,high_school_macroeconomics,0.40310631153466936,0.38786900234382105,0.4182804066827485
meta-llama/Llama-3.2-3B,high_school_mathematics,0.24670672714573644,0.2329259339664774,0.2606958800450851
meta-llama/Llama-3.2-3B,high_school_microeconomics,0.49388248714915456,0.47469812330439687,0.5135879713917922
meta-llama/Llama-3.2-3B,high_school_physics,0.3230557623342586,0.30291519192173777,0.3436131085987867
meta-llama/Llama-3.2-3B,high_school_psychology,0.5461294574436719,0.5316891522907181,0.5603526750713983
meta-llama/Llama-3.2-3B,high_school_statistics,0.3792640087672127,0.3604295479986251,0.3978417248489399
meta-llama/Llama-3.2-3B,high_school_us_history,0.4231298193489575,0.40359496347141477,0.4427681392578952
meta-llama/Llama-3.2-3B,high_school_world_history,0.42351103867514767,0.4044573149548455,0.4424418604609223
meta-llama/Llama-3.2-3B,human_aging,0.3816801935622875,0.36334087087866157,0.40008896079513484
meta-llama/Llama-3.2-3B,human_sexuality,0.501375842564202,0.47652885794192235,0.5264364327175992
meta-llama/Llama-3.2-3B,international_law,0.4205417731449774,0.3958953240044815,0.44544925995333856
meta-llama/Llama-3.2-3B,jurisprudence,0.43194200343840633,0.4060357065842491,0.4583020686288616
meta-llama/Llama-3.2-3B,logical_fallacies,0.40898255077524376,0.3870936607439613,0.43051548155230973
meta-llama/Llama-3.2-3B,machine_learning,0.30174475298350933,0.2790873624496468,0.32434683613631193
meta-llama/Llama-3.2-3B,management,0.5102702804396317,0.4829024452265995,0.5384232140842748
meta-llama/Llama-3.2-3B,marketing,0.5915461312912269,0.5714545074792439,0.6112310092665636
meta-llama/Llama-3.2-3B,medical_genetics,0.479440209045537,0.45205512829953715,0.5067796155870139
meta-llama/Llama-3.2-3B,miscellaneous,0.5530113517645876,0.5403675430388319,0.5656353048486861
meta-llama/Llama-3.2-3B,moral_disputes,0.33220533961691645,0.31788240194379036,0.34687148843581855
meta-llama/Llama-3.2-3B,moral_scenarios,0.19807158330596109,0.1901502911793585,0.20631790918102838
meta-llama/Llama-3.2-3B,nutrition,0.42156399258920496,0.4050144110781723,0.43794617477976006
meta-llama/Llama-3.2-3B,philosophy,0.3458397381701238,0.33047469713104105,0.3611312134513089
meta-llama/Llama-3.2-3B,prehistory,0.3987727889816905,0.38284205351929745,0.41479938565200697
meta-llama/Llama-3.2-3B,professional_accounting,0.26013543127794464,0.24597775798629698,0.2750424010322617
meta-llama/Llama-3.2-3B,professional_law,0.2511203016520777,0.24300446084731828,0.2592676089483076
meta-llama/Llama-3.2-3B,professional_medicine,0.422966494247732,0.4052386225326615,0.44079457231519376
meta-llama/Llama-3.2-3B,professional_psychology,0.3596202006079756,0.3472779565619255,0.3723126035373605
meta-llama/Llama-3.2-3B,public_relations,0.4325965793748674,0.40759707591663585,0.4584358013488695
meta-llama/Llama-3.2-3B,security_studies,0.3878052909136476,0.37018925356898846,0.4059496700672633
meta-llama/Llama-3.2-3B,sociology,0.42275317557409614,0.4034046018831367,0.4424203421874513
meta-llama/Llama-3.2-3B,us_foreign_policy,0.5304882177780219,0.5028632821793934,0.5588243339985636
meta-llama/Llama-3.2-3B,virology,0.32625383115234624,0.3065215182393445,0.34629731101172556
meta-llama/Llama-3.2-3B,world_religions,0.5464116544804375,0.5240058096800576,0.5689215844265869
allenai/OLMo-2-0325-32B,abstract_algebra,0.45001514588626906,0.41674884994563166,0.48377725367983726
allenai/OLMo-2-0325-32B,anatomy,0.6463074440622119,0.6187884839223443,0.672773113720689
allenai/OLMo-2-0325-32B,astronomy,0.7166508920028094,0.6923288282094711,0.7394344196823001
allenai/OLMo-2-0325-32B,business_ethics,0.7459307979599537,0.7198236337445547,0.7701666613227934
allenai/OLMo-2-0325-32B,clinical_knowledge,0.6769408227264209,0.6543688928298569,0.6984058914314185
allenai/OLMo-2-0325-32B,college_biology,0.7195682291268694,0.6954518745639382,0.7427197423373574
allenai/OLMo-2-0325-32B,college_chemistry,0.5449229233157183,0.5118176631625189,0.5773074885255426
allenai/OLMo-2-0325-32B,college_computer_science,0.6178948121462815,0.5862073463206866,0.6484410810510128
allenai/OLMo-2-0325-32B,college_mathematics,0.4606163335694354,0.42749610531606197,0.49377682946029755
allenai/OLMo-2-0325-32B,college_medicine,0.6580041545251143,0.6325515632855144,0.6824777799031827
allenai/OLMo-2-0325-32B,college_physics,0.5793907431833435,0.5485215865819939,0.6106309188188804
allenai/OLMo-2-0325-32B,computer_security,0.7238485065236012,0.6973938041034287,0.7497334121436258
allenai/OLMo-2-0325-32B,conceptual_physics,0.6693630629685624,0.6465143049022435,0.6924629854275323
allenai/OLMo-2-0325-32B,econometrics,0.5445244732027654,0.5130028816220992,0.5752460736683356
allenai/OLMo-2-0325-32B,electrical_engineering,0.6661529601948992,0.639939409439615,0.6911213642934066
allenai/OLMo-2-0325-32B,elementary_mathematics,0.6826057168828408,0.661537104362147,0.702961425746957
allenai/OLMo-2-0325-32B,formal_logic,0.5394245000908265,0.5086605282870533,0.5703660293096612
allenai/OLMo-2-0325-32B,global_facts,0.5269678205932996,0.4936165043906111,0.5598948547949777
allenai/OLMo-2-0325-32B,high_school_biology,0.7573861384678311,0.7388980662949146,0.7750987759044257
allenai/OLMo-2-0325-32B,high_school_chemistry,0.6134757257841951,0.5882266361766495,0.6376475245419083
allenai/OLMo-2-0325-32B,high_school_computer_science,0.6948765581571651,0.667498528668188,0.7215086006272974
allenai/OLMo-2-0325-32B,high_school_european_history,0.6809895380883684,0.6562935310866301,0.705352073009852
allenai/OLMo-2-0325-32B,high_school_geography,0.7438142703451976,0.7231331335632033,0.7641771654496066
allenai/OLMo-2-0325-32B,high_school_government_and_politics,0.7338153506280496,0.7118040071791395,0.7547642236358042
allenai/OLMo-2-0325-32B,high_school_macroeconomics,0.6665703263952394,0.6455920492517944,0.687504644248051
allenai/OLMo-2-0325-32B,high_school_mathematics,0.49228362190096436,0.4665592532030428,0.5177284535486699
allenai/OLMo-2-0325-32B,high_school_microeconomics,0.7428007753151697,0.7223545188130803,0.7623321237825439
allenai/OLMo-2-0325-32B,high_school_physics,0.585471746727042,0.5570272841187874,0.6137786881284276
allenai/OLMo-2-0325-32B,high_school_psychology,0.7807825867919513,0.765229583418537,0.7958664513443022
allenai/OLMo-2-0325-32B,high_school_statistics,0.6439309732654978,0.6194965512330634,0.6671312500969432
allenai/OLMo-2-0325-32B,high_school_us_history,0.6846319088358951,0.6615056185833865,0.7069696106895107
allenai/OLMo-2-0325-32B,high_school_world_history,0.68497574383515,0.6621990251160417,0.7072965431760067
allenai/OLMo-2-0325-32B,human_aging,0.6462771821244436,0.6224327257385586,0.6703694623626449
allenai/OLMo-2-0325-32B,human_sexuality,0.748436293881757,0.725148857634337,0.770362969729658
allenai/OLMo-2-0325-32B,international_law,0.6822766064583642,0.6551616024402064,0.7086303092242827
allenai/OLMo-2-0325-32B,jurisprudence,0.6922777324075842,0.664675504611334,0.7182127348227237
allenai/OLMo-2-0325-32B,logical_fallacies,0.6718995140449963,0.6463065166144818,0.6965637434555003
allenai/OLMo-2-0325-32B,machine_learning,0.5611554608669963,0.5294381199739794,0.592618713863491
allenai/OLMo-2-0325-32B,management,0.7550438153928304,0.7298827472578032,0.7787294532637413
allenai/OLMo-2-0325-32B,marketing,0.8108197961915566,0.7941880264632997,0.8267625938768225
allenai/OLMo-2-0325-32B,medical_genetics,0.7315214361644304,0.7048432640958603,0.7562789452285921
allenai/OLMo-2-0325-32B,miscellaneous,0.7855085801426633,0.7705275230286812,0.7998949037247947
allenai/OLMo-2-0325-32B,moral_disputes,0.5955826752698252,0.5722415723428941,0.6180092183620765
allenai/OLMo-2-0325-32B,moral_scenarios,0.4224533996337742,0.40177165900851075,0.4434775603961415
allenai/OLMo-2-0325-32B,nutrition,0.6832728908793738,0.6621214719854169,0.7038629651022744
allenai/OLMo-2-0325-32B,philosophy,0.6101411367242309,0.5865235971912176,0.6331886487177486
allenai/OLMo-2-0325-32B,prehistory,0.6625445296396538,0.6408466076470579,0.6839065720607709
allenai/OLMo-2-0325-32B,professional_accounting,0.510023326332011,0.4842396332212138,0.5354857634873952
allenai/OLMo-2-0325-32B,professional_law,0.4982420979509674,0.47799987972223973,0.5187901563128163
allenai/OLMo-2-0325-32B,professional_medicine,0.6845025105076132,0.662354522421073,0.705605082979597
allenai/OLMo-2-0325-32B,professional_psychology,0.6244237466453242,0.6034751939096447,0.6449440496334611
allenai/OLMo-2-0325-32B,public_relations,0.6928573105548204,0.6662438487117972,0.7190038322340503
allenai/OLMo-2-0325-32B,security_studies,0.6521742145915896,0.6285736818964783,0.6753784318038163
allenai/OLMo-2-0325-32B,sociology,0.684299681210357,0.6615738684040351,0.7064551967366485
allenai/OLMo-2-0325-32B,us_foreign_policy,0.7697219829130747,0.7457633447924953,0.7923060975261569
allenai/OLMo-2-0325-32B,virology,0.5890132613027363,0.5614836916303656,0.6160703252779633
allenai/OLMo-2-0325-32B,world_religions,0.7809236732487814,0.7607340948950813,0.7999569946010079
allenai/OLMo-2-0425-1B,abstract_algebra,0.16645997606229262,0.15048599665643314,0.1831600413127574
allenai/OLMo-2-0425-1B,anatomy,0.30843415411235753,0.28830551714061464,0.32898043921307885
allenai/OLMo-2-0425-1B,astronomy,0.38169674334592874,0.35951472309822685,0.40344663727283653
allenai/OLMo-2-0425-1B,business_ethics,0.41754482958368627,0.3901729199119009,0.4447171508733991
allenai/OLMo-2-0425-1B,clinical_knowledge,0.33831036552706306,0.32199096816806055,0.354989216725725
allenai/OLMo-2-0425-1B,college_biology,0.3851122740994622,0.36309066067115636,0.4078395859911839
allenai/OLMo-2-0425-1B,college_chemistry,0.2261838026425618,0.2067996761488037,0.2464711323947598
allenai/OLMo-2-0425-1B,college_computer_science,0.2830408594547029,0.2607459764574,0.3057351040420265
allenai/OLMo-2-0425-1B,college_mathematics,0.17247930260177052,0.15655830880236557,0.18955942092858885
allenai/OLMo-2-0425-1B,college_medicine,0.3195182684150615,0.3007009774952305,0.3388483537549171
allenai/OLMo-2-0425-1B,college_physics,0.25164068815355684,0.23159617648451655,0.27239683686957145
allenai/OLMo-2-0425-1B,computer_security,0.3902467091853612,0.36370747522076063,0.4172059410246229
allenai/OLMo-2-0425-1B,conceptual_physics,0.3306543154260835,0.31352502688825706,0.3485823732222915
allenai/OLMo-2-0425-1B,econometrics,0.2258790696847806,0.2078408557069537,0.24446965386338582
allenai/OLMo-2-0425-1B,electrical_engineering,0.3275100226593084,0.3072529653367951,0.34840155816458807
allenai/OLMo-2-0425-1B,elementary_mathematics,0.344140474864337,0.32945503390476305,0.359218043700577
allenai/OLMo-2-0425-1B,formal_logic,0.2222980969514991,0.20524503300386487,0.24055944762911438
allenai/OLMo-2-0425-1B,global_facts,0.21379786113563323,0.19488587175726105,0.23306859153633266
allenai/OLMo-2-0425-1B,high_school_biology,0.4323850560136079,0.4149059367561499,0.4499611060174205
allenai/OLMo-2-0425-1B,high_school_chemistry,0.2791660201497897,0.262659607280685,0.2955850645310381
allenai/OLMo-2-0425-1B,high_school_computer_science,0.3573243248762759,0.3335827121383916,0.38297477521957646
allenai/OLMo-2-0425-1B,high_school_european_history,0.34253860254464996,0.3225492679364933,0.36329476784308407
allenai/OLMo-2-0425-1B,high_school_geography,0.4147177450066496,0.3941301233955807,0.4351980612754278
allenai/OLMo-2-0425-1B,high_school_government_and_politics,0.40220335543413105,0.38172356353274883,0.4229030753972364
allenai/OLMo-2-0425-1B,high_school_macroeconomics,0.32783577497136135,0.3136270853734328,0.3419734885276534
allenai/OLMo-2-0425-1B,high_school_mathematics,0.19128310771089357,0.17972082434120765,0.20313866598005229
allenai/OLMo-2-0425-1B,high_school_microeconomics,0.4134121898762785,0.394524575097311,0.43274535389274377
allenai/OLMo-2-0425-1B,high_school_physics,0.2563292327318892,0.23881480830687407,0.2748881731758951
allenai/OLMo-2-0425-1B,high_school_psychology,0.4649522425763288,0.4506413303447327,0.4796355444378305
allenai/OLMo-2-0425-1B,high_school_statistics,0.3061712486991066,0.2890186871296901,0.32354812772474395
allenai/OLMo-2-0425-1B,high_school_us_history,0.34630087024396655,0.3281512595630351,0.36487724719520875
allenai/OLMo-2-0425-1B,high_school_world_history,0.3466521380512793,0.32892716131296845,0.3643316630582013
allenai/OLMo-2-0425-1B,human_aging,0.30835107003151974,0.2921470624043611,0.3254878276271672
allenai/OLMo-2-0425-1B,human_sexuality,0.4207189414844928,0.3965828447472449,0.4451633969608504
allenai/OLMo-2-0425-1B,international_law,0.3439180488772804,0.3213919334594196,0.36677933877095914
allenai/OLMo-2-0425-1B,jurisprudence,0.35451853753678597,0.3306674686484358,0.37908844043344525
allenai/OLMo-2-0425-1B,logical_fallacies,0.3332452002533204,0.31290959297385795,0.35372866795138447
allenai/OLMo-2-0425-1B,machine_learning,0.23788006351393687,0.21868712311493743,0.25792364613071117
allenai/OLMo-2-0425-1B,management,0.42942709263396417,0.40252060120033123,0.4570620746217041
allenai/OLMo-2-0425-1B,marketing,0.5112396560250391,0.4909129732807645,0.5317049971286973
allenai/OLMo-2-0425-1B,medical_genetics,0.39949617540059534,0.372871988202097,0.42664666329441103
allenai/OLMo-2-0425-1B,miscellaneous,0.47187117078763796,0.45889629633248036,0.4849248326910932
allenai/OLMo-2-0425-1B,moral_disputes,0.2643124849347409,0.2514416917013839,0.2780159878882521
allenai/OLMo-2-0425-1B,moral_scenarios,0.15137104024533038,0.14482927317936892,0.15812254940176546
allenai/OLMo-2-0425-1B,nutrition,0.3448411473199299,0.32965992409706657,0.36075257459139676
allenai/OLMo-2-0425-1B,philosophy,0.2763138413495754,0.2627405483952215,0.28994596240091736
allenai/OLMo-2-0425-1B,prehistory,0.32387450695010334,0.30940909222380714,0.33896738932570336
allenai/OLMo-2-0425-1B,professional_accounting,0.20250515684733097,0.19066991524160357,0.21503539096525098
allenai/OLMo-2-0425-1B,professional_law,0.19495218238547252,0.18790254498831885,0.20186092345403603
allenai/OLMo-2-0425-1B,professional_medicine,0.34614480508003903,0.3292670184699546,0.36283231522045245
allenai/OLMo-2-0425-1B,professional_psychology,0.28853921329752097,0.2773780976016532,0.2999455380203232
allenai/OLMo-2-0425-1B,public_relations,0.3551266827481061,0.33218842319475556,0.37921467872379944
allenai/OLMo-2-0425-1B,security_studies,0.31389544938720215,0.29766776975994724,0.33064336681531953
allenai/OLMo-2-0425-1B,sociology,0.3459501489569038,0.32786637021531095,0.3645003788451944
allenai/OLMo-2-0425-1B,us_foreign_policy,0.4493830257178782,0.42149777424015283,0.4778292107582779
allenai/OLMo-2-0425-1B,virology,0.25911683244246564,0.2422721392763486,0.2769748536342878
allenai/OLMo-2-0425-1B,world_religions,0.4652616431565326,0.44211926683365677,0.48783997963460213
allenai/OLMo-2-1124-13B,abstract_algebra,0.33449729467034506,0.3084603634107321,0.3607301477536209
allenai/OLMo-2-1124-13B,anatomy,0.5288814184957187,0.5052880044811832,0.5520460115168057
allenai/OLMo-2-1124-13B,astronomy,0.608444498763216,0.5862012659783635,0.6298752912887218
allenai/OLMo-2-1124-13B,business_ethics,0.6433725786321989,0.6176159132250924,0.6683579769516194
allenai/OLMo-2-1124-13B,clinical_knowledge,0.5627862116553849,0.5445772959268753,0.5804762175787913
allenai/OLMo-2-1124-13B,college_biology,0.6118740968390961,0.5894531328183136,0.6337967478646009
allenai/OLMo-2-1124-13B,college_chemistry,0.42384248900161037,0.39619320915980605,0.45102433240842293
allenai/OLMo-2-1124-13B,college_computer_science,0.49837682976233194,0.47077118456824923,0.5260323525240272
allenai/OLMo-2-1124-13B,college_mathematics,0.3440827614429019,0.3188624523585164,0.3702736073749961
allenai/OLMo-2-1124-13B,college_medicine,0.5417027661376862,0.5204488258618445,0.5630149780215126
allenai/OLMo-2-1124-13B,college_physics,0.45837041777921506,0.4320113718425177,0.4849941231840648
allenai/OLMo-2-1124-13B,computer_security,0.6169490089073846,0.5903573577583977,0.6427999041211238
allenai/OLMo-2-1124-13B,conceptual_physics,0.554296674927905,0.5354494527445283,0.5734822668414569
allenai/OLMo-2-1124-13B,econometrics,0.42343748502193007,0.3978049032803489,0.44880919757732146
allenai/OLMo-2-1124-13B,electrical_engineering,0.5507382083398685,0.5279351139216562,0.5735613038371034
allenai/OLMo-2-1124-13B,elementary_mathematics,0.5691736288766132,0.553420894532718,0.5847014252305904
allenai/OLMo-2-1124-13B,formal_logic,0.4184244180276607,0.3943421135577689,0.4428825723696149
allenai/OLMo-2-1124-13B,global_facts,0.40631312380177875,0.3796515055081095,0.43365416155476305
allenai/OLMo-2-1124-13B,high_school_biology,0.6572824096998733,0.6413832920759468,0.672713138424988
allenai/OLMo-2-1124-13B,high_school_chemistry,0.4936613919266063,0.47357558972344305,0.513737718816954
allenai/OLMo-2-1124-13B,high_school_computer_science,0.5832042436154107,0.5568899075570825,0.6090657734261778
allenai/OLMo-2-1124-13B,high_school_european_history,0.5673752198282491,0.5455640943174559,0.5889087347989587
allenai/OLMo-2-1124-13B,high_school_geography,0.6407721822224348,0.6209355352223024,0.6595697528028658
allenai/OLMo-2-1124-13B,high_school_government_and_politics,0.6287614867510011,0.6085988205377589,0.6485561422019207
allenai/OLMo-2-1124-13B,high_school_macroeconomics,0.5511689952687042,0.5357220361640265,0.5669023205309165
allenai/OLMo-2-1124-13B,high_school_mathematics,0.37323702441515555,0.35629747427545855,0.39056903050140945
allenai/OLMo-2-1124-13B,high_school_microeconomics,0.6395457407411361,0.621751822911829,0.6573254725125021
allenai/OLMo-2-1124-13B,high_school_physics,0.46456104136582643,0.4417584961472357,0.48741191956848917
allenai/OLMo-2-1124-13B,high_school_psychology,0.6863292957035173,0.6738368484685282,0.6983497888615091
allenai/OLMo-2-1124-13B,high_school_statistics,0.5262698478482253,0.506523154330949,0.5458889893173142
allenai/OLMo-2-1124-13B,high_school_us_history,0.5714828926492089,0.5517474562095386,0.5913363196276299
allenai/OLMo-2-1124-13B,high_school_world_history,0.5718696640959771,0.5532091703462386,0.5905301265072384
allenai/OLMo-2-1124-13B,human_aging,0.5288265144290202,0.5094394426632719,0.5481555347940849
allenai/OLMo-2-1124-13B,human_sexuality,0.6463936280386192,0.6230098732769567,0.6688391031576927
allenai/OLMo-2-1124-13B,international_law,0.5688467383062813,0.543817367344639,0.5937201623262951
allenai/OLMo-2-1124-13B,jurisprudence,0.5802302592735927,0.5540671530157707,0.6063970629266443
allenai/OLMo-2-1124-13B,logical_fallacies,0.5571504983991528,0.5350864748231291,0.5788770288477477
allenai/OLMo-2-1124-13B,machine_learning,0.43995433896282354,0.4128600375920288,0.46637401449988075
allenai/OLMo-2-1124-13B,management,0.6544636214035042,0.6290629880015397,0.678658883062538
allenai/OLMo-2-1124-13B,marketing,0.7247638364880383,0.7082222331313156,0.7406477164722638
allenai/OLMo-2-1124-13B,medical_genetics,0.6260595690576403,0.6003977559122667,0.6513961383128725
allenai/OLMo-2-1124-13B,miscellaneous,0.692288773199944,0.6816452991328368,0.7032083543243202
allenai/OLMo-2-1124-13B,moral_disputes,0.47494598999805376,0.4585312617936766,0.4917377910104694
allenai/OLMo-2-1124-13B,moral_scenarios,0.3099434583182134,0.29943233111911766,0.32081000481196204
allenai/OLMo-2-1124-13B,nutrition,0.5699279556527023,0.5533581295497254,0.5866167092840867
allenai/OLMo-2-1124-13B,philosophy,0.49013581860457256,0.47335161157175576,0.5070800682106968
allenai/OLMo-2-1124-13B,prehistory,0.546698505504292,0.5299522624821634,0.5627691759873696
allenai/OLMo-2-1124-13B,professional_accounting,0.38998649507590155,0.3727454997656624,0.4078116261186411
allenai/OLMo-2-1124-13B,professional_law,0.37880470646574793,0.36879671195999253,0.3888789814403902
allenai/OLMo-2-1124-13B,professional_medicine,0.57133041210771,0.5533394198345082,0.5886029306429927
allenai/OLMo-2-1124-13B,professional_psychology,0.5052409073667088,0.49225526982744994,0.5186292607414722
allenai/OLMo-2-1124-13B,public_relations,0.580887263432587,0.5559182660771668,0.6061856178502202
allenai/OLMo-2-1124-13B,security_studies,0.5352725270568897,0.516640400189611,0.5540540212009328
allenai/OLMo-2-1124-13B,sociology,0.571106209186648,0.5517007318518591,0.5900722320962943
allenai/OLMo-2-1124-13B,us_foreign_policy,0.6725478731463738,0.6476973386568807,0.6969841527236645
allenai/OLMo-2-1124-13B,virology,0.46819496056817395,0.44598029247596266,0.490093106483104
allenai/OLMo-2-1124-13B,world_religions,0.6865361525336412,0.6666741434911359,0.7056056460375539
allenai/OLMo-2-1124-7B,abstract_algebra,0.2833096215127652,0.2598328455875292,0.3074917277567314
allenai/OLMo-2-1124-7B,anatomy,0.4688949880900029,0.44535263966706523,0.49234049520254547
allenai/OLMo-2-1124-7B,astronomy,0.5499644686706718,0.5271105664832598,0.5728205550822021
allenai/OLMo-2-1124-7B,business_ethics,0.5865786422888788,0.5593274981529855,0.6133554096975202
allenai/OLMo-2-1124-7B,clinical_knowledge,0.503046051415845,0.48494234511976647,0.521390866468327
allenai/OLMo-2-1124-7B,college_biology,0.5535321955130201,0.5304254982502282,0.5766609663962698
allenai/OLMo-2-1124-7B,college_chemistry,0.3665136685244701,0.34064185301605865,0.3927574991313891
allenai/OLMo-2-1124-7B,college_computer_science,0.4386411097257924,0.4113492752096228,0.4660300324626269
allenai/OLMo-2-1124-7B,college_mathematics,0.2920717903214723,0.26861174835328894,0.31597742463355966
allenai/OLMo-2-1124-7B,college_medicine,0.4817430626055615,0.45999327511857563,0.5035263944796106
allenai/OLMo-2-1124-7B,college_physics,0.39960879988473935,0.37381575187948396,0.4254859577150876
allenai/OLMo-2-1124-7B,computer_security,0.5588331607122063,0.531081276574081,0.586336781586525
allenai/OLMo-2-1124-7B,conceptual_physics,0.49444087268598497,0.47539093398924287,0.5142899740479357
allenai/OLMo-2-1124-7B,econometrics,0.3661215976506083,0.3417713786723728,0.39012283007908405
allenai/OLMo-2-1124-7B,electrical_engineering,0.49085367294702964,0.4674360500591329,0.5140255725370064
allenai/OLMo-2-1124-7B,elementary_mathematics,0.5095407838394538,0.49368498175621117,0.5256254149312523
allenai/OLMo-2-1124-7B,formal_logic,0.3613605325431851,0.33832463561384274,0.38491806333717354
allenai/OLMo-2-1124-7B,global_facts,0.34991563165441786,0.3245969242932844,0.37618989921673895
allenai/OLMo-2-1124-7B,high_school_biology,0.6013044904005101,0.584739742960759,0.6180373761662412
allenai/OLMo-2-1124-7B,high_school_chemistry,0.43398052862181213,0.41397492304067496,0.4536331173193459
allenai/OLMo-2-1124-7B,high_school_computer_science,0.5239178433097279,0.49746542670040456,0.5508376227388253
allenai/OLMo-2-1124-7B,high_school_european_history,0.5077240199589197,0.4852381898875008,0.5305334477857667
allenai/OLMo-2-1124-7B,high_school_geography,0.5838123895560909,0.5629605785637383,0.603996198122573
allenai/OLMo-2-1124-7B,high_school_government_and_politics,0.5711735440561511,0.5504116807288068,0.5919169963076897
allenai/OLMo-2-1124-7B,high_school_macroeconomics,0.49127156876604006,0.47548596126402,0.5073649905729493
allenai/OLMo-2-1124-7B,high_school_mathematics,0.3189396939997116,0.3030841403153956,0.33523058509757836
allenai/OLMo-2-1124-7B,high_school_microeconomics,0.5825143716400201,0.5635957482063183,0.6017838508079808
allenai/OLMo-2-1124-7B,high_school_physics,0.4055875642808573,0.38352935305335584,0.4285907486891326
allenai/OLMo-2-1124-7B,high_school_psychology,0.6324361733561926,0.6188204162814017,0.645560935520897
allenai/OLMo-2-1124-7B,high_school_statistics,0.46627627474447386,0.44627289347372856,0.48593247411630525
allenai/OLMo-2-1124-7B,high_school_us_history,0.5119047189237171,0.49152858863287524,0.5318929374323123
allenai/OLMo-2-1124-7B,high_school_world_history,0.5122975335511254,0.493496472363632,0.5314866401027235
allenai/OLMo-2-1124-7B,human_aging,0.46882886270685253,0.44963949707548245,0.4885401211732448
allenai/OLMo-2-1124-7B,human_sexuality,0.5897637864721109,0.5654770998589295,0.6137946522017368
allenai/OLMo-2-1124-7B,international_law,0.5092312927186614,0.4842845124622319,0.5346090440619948
allenai/OLMo-2-1124-7B,jurisprudence,0.5208670942742014,0.4935148187675545,0.5476694452208872
allenai/OLMo-2-1124-7B,logical_fallacies,0.4973387160615659,0.47451027310547933,0.5194707481454561
allenai/OLMo-2-1124-7B,machine_learning,0.38188758873380074,0.35697358391928663,0.4073659347701598
allenai/OLMo-2-1124-7B,management,0.5983315240335296,0.5711991067380257,0.6249687066507272
allenai/OLMo-2-1124-7B,marketing,0.6743511106113855,0.6558648284921398,0.6923192708324581
allenai/OLMo-2-1124-7B,medical_genetics,0.5683569558232248,0.5411498532668813,0.5951416102955374
allenai/OLMo-2-1124-7B,miscellaneous,0.6388788554047393,0.6269670405718982,0.6507368199388699
allenai/OLMo-2-1124-7B,moral_disputes,0.4156620165612917,0.3998590358508448,0.4318284425287829
allenai/OLMo-2-1124-7B,moral_scenarios,0.2610106542430766,0.251368539249997,0.2710525932228537
allenai/OLMo-2-1124-7B,nutrition,0.5103117330800281,0.4934652575848123,0.5272365065381853
allenai/OLMo-2-1124-7B,philosophy,0.43051150186996867,0.4135580609151528,0.4470218873858722
allenai/OLMo-2-1124-7B,prehistory,0.4867613731359805,0.4698599002507919,0.5034765053197732
allenai/OLMo-2-1124-7B,professional_accounting,0.3345527287112691,0.31843139755364597,0.35106476854376223
allenai/OLMo-2-1124-7B,professional_law,0.3241049619235534,0.3146941765634923,0.33375099327968627
allenai/OLMo-2-1124-7B,professional_medicine,0.5117442170875389,0.49357851760929833,0.5296304822309741
allenai/OLMo-2-1124-7B,professional_psychology,0.4453773720000857,0.4322530405095159,0.45874012606912884
allenai/OLMo-2-1124-7B,public_relations,0.521537729800688,0.4959522399544724,0.5472945982947914
allenai/OLMo-2-1124-7B,security_studies,0.4752795147818143,0.45681925360583114,0.4937826636967823
allenai/OLMo-2-1124-7B,sociology,0.5115197981278521,0.49215957028339163,0.5314133223493815
allenai/OLMo-2-1124-7B,us_foreign_policy,0.6176370893813345,0.5910298973644414,0.6443876550502847
allenai/OLMo-2-1124-7B,virology,0.4091107464444944,0.38766044635717517,0.43135183405904914
allenai/OLMo-2-1124-7B,world_religions,0.6326752067014177,0.6111495528672508,0.6534363987304536
Qwen/Qwen3-0.6B-Base,abstract_algebra,0.20709165102235613,0.18821303871327663,0.22671215601464104
Qwen/Qwen3-0.6B-Base,anatomy,0.3684051098044837,0.34608833215468254,0.3906661752628809
Qwen/Qwen3-0.6B-Base,astronomy,0.4467107719537186,0.4236259333820287,0.4697516893579503
Qwen/Qwen3-0.6B-Base,business_ethics,0.4838677118080028,0.4560810868697759,0.511890838656458
Qwen/Qwen3-0.6B-Base,clinical_knowledge,0.40073721593334716,0.38324136966006495,0.4184687033158093
Qwen/Qwen3-0.6B-Base,college_biology,0.4502817841860995,0.4273076375158327,0.474066512963963
Qwen/Qwen3-0.6B-Base,college_chemistry,0.27655309489107993,0.2544018696929041,0.299310631249457
Qwen/Qwen3-0.6B-Base,college_computer_science,0.3404939608411831,0.315800667722296,0.3657902974548607
Qwen/Qwen3-0.6B-Base,college_mathematics,0.21420110975224976,0.1955905923413999,0.23398242548700054
Qwen/Qwen3-0.6B-Base,college_medicine,0.38046255162063086,0.3600983307828376,0.40077809934940295
Qwen/Qwen3-0.6B-Base,college_physics,0.3054414964591824,0.2822224374546744,0.32878494805648834
Qwen/Qwen3-0.6B-Base,computer_security,0.4556261089941179,0.42755219936399474,0.48328681139695173
Qwen/Qwen3-0.6B-Base,conceptual_physics,0.392503258486839,0.3741580483977201,0.4111497400022332
Qwen/Qwen3-0.6B-Base,econometrics,0.2762079364359714,0.25549623348270173,0.2972028662002714
Qwen/Qwen3-0.6B-Base,electrical_engineering,0.38910311424839567,0.36725485040574196,0.4116979705975311
Qwen/Qwen3-0.6B-Base,elementary_mathematics,0.40698479007536714,0.39152052594308656,0.4227976242859174
Qwen/Qwen3-0.6B-Base,formal_logic,0.2721113461168402,0.2524832764171866,0.29261807703304205
Qwen/Qwen3-0.6B-Base,global_facts,0.2623442765773536,0.2407495517925809,0.2850943680537191
Qwen/Qwen3-0.6B-Base,high_school_biology,0.49907789402835895,0.4812990710031835,0.5169784826742897
Qwen/Qwen3-0.6B-Base,high_school_chemistry,0.33622113060673925,0.31824014908819503,0.35490503478143104
Qwen/Qwen3-0.6B-Base,high_school_computer_science,0.42100203139279885,0.39500875094568605,0.44801796833509777
Qwen/Qwen3-0.6B-Base,high_school_european_history,0.4052575178622881,0.38333512045837886,0.4274809627289105
Qwen/Qwen3-0.6B-Base,high_school_geography,0.4809863145257817,0.4601062788766949,0.5020330581498125
Qwen/Qwen3-0.6B-Base,high_school_government_and_politics,0.4680707572275682,0.44680015600257167,0.4889876118196478
Qwen/Qwen3-0.6B-Base,high_school_macroeconomics,0.38947264521813874,0.3742612488715948,0.4048225429983214
Qwen/Qwen3-0.6B-Base,high_school_mathematics,0.23626957762282183,0.22276097608063744,0.24992066127471985
Qwen/Qwen3-0.6B-Base,high_school_microeconomics,0.4796468313065329,0.4601659459708431,0.4988751275549022
Qwen/Qwen3-0.6B-Base,high_school_physics,0.31072317300396163,0.2908504016664774,0.33098953790981356
Qwen/Qwen3-0.6B-Base,high_school_psychology,0.5319680261999773,0.51781904124729,0.546325621974609
Qwen/Qwen3-0.6B-Base,high_school_statistics,0.36594437490849435,0.3469897944430082,0.38468736207320897
Qwen/Qwen3-0.6B-Base,high_school_us_history,0.4092852203204431,0.3898554982609303,0.4289206419043245
Qwen/Qwen3-0.6B-Base,high_school_world_history,0.40966183348268187,0.39118347763310546,0.42851494807366464
Qwen/Qwen3-0.6B-Base,human_aging,0.3683250735385952,0.3505701275490302,0.38689841839552036
Qwen/Qwen3-0.6B-Base,human_sexuality,0.48713561852087905,0.46219417458543693,0.5118821408864498
Qwen/Qwen3-0.6B-Base,international_law,0.4067246391205644,0.3823015291908896,0.43163096786848537
Qwen/Qwen3-0.6B-Base,jurisprudence,0.41802272104766813,0.39135391209539255,0.44451384125223914
Qwen/Qwen3-0.6B-Base,logical_fallacies,0.3952854826776615,0.37302278599536903,0.41706751976474743
Qwen/Qwen3-0.6B-Base,machine_learning,0.28987776126589054,0.26798698807687016,0.3125300220898713
Qwen/Qwen3-0.6B-Base,management,0.49603107079971925,0.4683379372494859,0.523773097749091
Qwen/Qwen3-0.6B-Base,marketing,0.5777088389793653,0.5576350198464698,0.5978287367109373
Qwen/Qwen3-0.6B-Base,medical_genetics,0.465244361483721,0.4377769226357499,0.49280041823768805
Qwen/Qwen3-0.6B-Base,miscellaneous,0.5388826348399053,0.5262018343645097,0.5517288106508267
Qwen/Qwen3-0.6B-Base,moral_disputes,0.31968577965145495,0.3053925830680293,0.3345279937659432
Qwen/Qwen3-0.6B-Base,moral_scenarios,0.18917350986091758,0.18136298507399104,0.19711815715453004
Qwen/Qwen3-0.6B-Base,nutrition,0.4077323083945196,0.3915078040006832,0.42399164811395906
Qwen/Qwen3-0.6B-Base,philosophy,0.3330617940853888,0.31809212506856677,0.34818693188478944
Qwen/Qwen3-0.6B-Base,prehistory,0.3851915879579251,0.3691616747448184,0.401070801227434
Qwen/Qwen3-0.6B-Base,professional_accounting,0.2493163639361965,0.23564805885888418,0.2638130448532849
Qwen/Qwen3-0.6B-Base,professional_law,0.24055312508789556,0.23246706709877876,0.248757613948111
Qwen/Qwen3-0.6B-Base,professional_medicine,0.4091216952396169,0.3913776247610158,0.426593489464606
Qwen/Qwen3-0.6B-Base,professional_psychology,0.3466019696235319,0.33423780077079546,0.359293217447804
Qwen/Qwen3-0.6B-Base,public_relations,0.4186703746264753,0.39389778852229423,0.4438713284157387
Qwen/Qwen3-0.6B-Base,security_studies,0.3743659670225306,0.35657765887640597,0.3927934573255718
Qwen/Qwen3-0.6B-Base,sociology,0.40891089640258116,0.390133667626492,0.42809689614386137
Qwen/Qwen3-0.6B-Base,us_foreign_policy,0.5162794429769332,0.4884336999458306,0.5450171558635535
Qwen/Qwen3-0.6B-Base,virology,0.3138540353683104,0.2948997878261798,0.33396901353064945
Qwen/Qwen3-0.6B-Base,world_religions,0.5322559737279131,0.5092676298951694,0.5545929887200681
Qwen/Qwen3-1.7B-Base,abstract_algebra,0.3093526727926272,0.28438718396826557,0.3344746199556113
Qwen/Qwen3-1.7B-Base,anatomy,0.5000980530714343,0.4760371715261463,0.5238175966329045
Qwen/Qwen3-1.7B-Base,astronomy,0.5806658083050523,0.5579332161905306,0.6027220997744972
Qwen/Qwen3-1.7B-Base,business_ethics,0.6165154194909596,0.5896659013479831,0.6426667519634792
Qwen/Qwen3-1.7B-Base,clinical_knowledge,0.5342429511233322,0.5161539927077868,0.5525357880681281
Qwen/Qwen3-1.7B-Base,college_biology,0.5841730042156353,0.5613010486453214,0.6072383702160113
Qwen/Qwen3-1.7B-Base,college_chemistry,0.3959784283900223,0.36871110059350104,0.4228823079417691
Qwen/Qwen3-1.7B-Base,college_computer_science,0.4696049408725712,0.4419666410415277,0.4968531163628198
Qwen/Qwen3-1.7B-Base,college_mathematics,0.31856225674485567,0.2941777362764284,0.3435450726547725
Qwen/Qwen3-1.7B-Base,college_medicine,0.5129783953984804,0.49097247777818576,0.5342862925697115
Qwen/Qwen3-1.7B-Base,college_physics,0.4299280389613932,0.4035206116230086,0.4562497843999483
Qwen/Qwen3-1.7B-Base,computer_security,0.5893736488264719,0.5622170310960828,0.6160317823361521
Qwen/Qwen3-1.7B-Base,conceptual_physics,0.5256676896391931,0.5064277762163694,0.5449367310975467
Qwen/Qwen3-1.7B-Base,econometrics,0.3955775646593082,0.37066751448601964,0.42035180228721675
Qwen/Qwen3-1.7B-Base,electrical_engineering,0.5220825164513923,0.49856012948173967,0.5453146713307616
Qwen/Qwen3-1.7B-Base,elementary_mathematics,0.5407048729234446,0.5249992321184076,0.5565886508455492
Qwen/Qwen3-1.7B-Base,formal_logic,0.39067077382995624,0.36722184704346333,0.4148132068739612
Qwen/Qwen3-1.7B-Base,global_facts,0.37884338374413795,0.3524692115487225,0.4057861944615278
Qwen/Qwen3-1.7B-Base,high_school_biology,0.6308600745306322,0.6140552107166213,0.6474795134467431
Qwen/Qwen3-1.7B-Base,high_school_chemistry,0.4648991913311866,0.4450053773065962,0.4852238794289352
Qwen/Qwen3-1.7B-Base,high_school_computer_science,0.5549511659410981,0.5288282345445836,0.5818268474187649
Qwen/Qwen3-1.7B-Base,high_school_european_history,0.5388912270700581,0.5164275499546696,0.5608856123810578
Qwen/Qwen3-1.7B-Base,high_school_geography,0.6138292525175407,0.5937062133135405,0.6333869547773445
Qwen/Qwen3-1.7B-Base,high_school_government_and_politics,0.6014785027088099,0.5807980019102607,0.6218497431636507
Qwen/Qwen3-1.7B-Base,high_school_macroeconomics,0.5225088389208714,0.5062532966928565,0.5380190905933195
Qwen/Qwen3-1.7B-Base,high_school_mathematics,0.34668534435251397,0.32990327984404605,0.3639142375474516
Qwen/Qwen3-1.7B-Base,high_school_microeconomics,0.612563932710212,0.5940684860122797,0.6312470787186656
Qwen/Qwen3-1.7B-Base,high_school_physics,0.4360377870776428,0.4134722432865177,0.4591080618531805
Qwen/Qwen3-1.7B-Base,high_school_psychology,0.6609887177833915,0.6479431266524129,0.6738261218376317
Qwen/Qwen3-1.7B-Base,high_school_statistics,0.4974736655998789,0.4777076808667357,0.5174233123581086
Qwen/Qwen3-1.7B-Base,high_school_us_history,0.5430487829378955,0.522830689751383,0.5629130013024204
Qwen/Qwen3-1.7B-Base,high_school_world_history,0.5434397398690699,0.5245184189829762,0.5626851717330837
Qwen/Qwen3-1.7B-Base,human_aging,0.5000375601401805,0.4808404610690397,0.5197093186055448
Qwen/Qwen3-1.7B-Base,human_sexuality,0.6196255313286295,0.5953349816600594,0.6431518900737204
Qwen/Qwen3-1.7B-Base,international_law,0.5403851315670098,0.5149762245302895,0.5654625426328879
Qwen/Qwen3-1.7B-Base,jurisprudence,0.5519301353012984,0.5252274079867894,0.577882077568867
Qwen/Qwen3-1.7B-Base,logical_fallacies,0.5285526166065091,0.5056240617093682,0.5503848363615175
Qwen/Qwen3-1.7B-Base,machine_learning,0.41178616610310675,0.38567912948629357,0.4381420457805414
Qwen/Qwen3-1.7B-Base,management,0.6279579640707529,0.6016702502147872,0.6538172391773608
Qwen/Qwen3-1.7B-Base,marketing,0.701180382665923,0.6835926973498428,0.7183993634082833
Qwen/Qwen3-1.7B-Base,medical_genetics,0.5987113434669888,0.5719557541153378,0.6251313802533172
Qwen/Qwen3-1.7B-Base,miscellaneous,0.6671952523440772,0.6554263434659485,0.6787357822001836
Qwen/Qwen3-1.7B-Base,moral_disputes,0.44630883495512047,0.42981583387475775,0.46259974064606885
Qwen/Qwen3-1.7B-Base,moral_scenarios,0.28583643177883705,0.2756673606980131,0.29602512901228134
Qwen/Qwen3-1.7B-Base,nutrition,0.5414700750621977,0.5246216301324989,0.5582178247843723
Qwen/Qwen3-1.7B-Base,philosophy,0.46138798700018807,0.4444118480210807,0.47809224702169373
Qwen/Qwen3-1.7B-Base,prehistory,0.5180029388092178,0.5011491834457971,0.5349562903207284
Qwen/Qwen3-1.7B-Base,professional_accounting,0.3629325662772851,0.3461610171893203,0.3803527778837651
Qwen/Qwen3-1.7B-Base,professional_law,0.352073500956951,0.34189297560881265,0.3619766450093374
Qwen/Qwen3-1.7B-Base,professional_medicine,0.5428915564909064,0.525002356175313,0.5609492516661501
Qwen/Qwen3-1.7B-Base,professional_psychology,0.47643181293873327,0.46300943078798856,0.4900404015884303
Qwen/Qwen3-1.7B-Base,public_relations,0.552596000027061,0.5276375534716409,0.5776559422884622
Qwen/Qwen3-1.7B-Base,security_studies,0.5065091219062937,0.48791020994048573,0.5257910864558162
Qwen/Qwen3-1.7B-Base,sociology,0.5426665078459071,0.5229329539192118,0.5625103138249439
Qwen/Qwen3-1.7B-Base,us_foreign_policy,0.6466819383015411,0.6211555741559952,0.6724046357644342
Qwen/Qwen3-1.7B-Base,virology,0.43963066375491483,0.41760348915959233,0.4615330964996815
Qwen/Qwen3-1.7B-Base,world_religions,0.6612107095727037,0.6402221513679706,0.6816161171372404
Qwen/Qwen3-14B-Base,abstract_algebra,0.5065319752973932,0.4764952706389808,0.5359568600261262
Qwen/Qwen3-14B-Base,anatomy,0.6963320276494088,0.675507982848811,0.7161130048661022
Qwen/Qwen3-14B-Base,astronomy,0.76043826127581,0.7434074798619431,0.7768298600785943
Qwen/Qwen3-14B-Base,business_ethics,0.7865406731198684,0.7670601208642541,0.8049256523161169
Qwen/Qwen3-14B-Base,clinical_knowledge,0.7244982000631635,0.7094563805553635,0.7392136614704162
Qwen/Qwen3-14B-Base,college_biology,0.7630488152996029,0.7454643657148976,0.7801325664181527
Qwen/Qwen3-14B-Base,college_chemistry,0.6003792478033667,0.5731210111257679,0.627173553655117
Qwen/Qwen3-14B-Base,college_computer_science,0.6698713616473998,0.6447554095128388,0.6941966553719736
Qwen/Qwen3-14B-Base,college_mathematics,0.5172166213887518,0.4883457407197289,0.5459402197681039
Qwen/Qwen3-14B-Base,college_medicine,0.7071355702931608,0.6886235918097185,0.7250018224377627
Qwen/Qwen3-14B-Base,college_physics,0.6334844493417499,0.6077343739965665,0.6582910453304959
Qwen/Qwen3-14B-Base,computer_security,0.7668777734651764,0.7462155425745639,0.7867753913801637
Qwen/Qwen3-14B-Base,conceptual_physics,0.717567376819909,0.7012438750363904,0.7332587706060489
Qwen/Qwen3-14B-Base,econometrics,0.5999994759768302,0.574535995399834,0.6247757208753885
Qwen/Qwen3-14B-Base,electrical_engineering,0.7146183617362297,0.694984285176562,0.7333989918044419
Qwen/Qwen3-14B-Base,elementary_mathematics,0.7296685614464772,0.7165233107080045,0.7423999080039408
Qwen/Qwen3-14B-Base,formal_logic,0.5950598197272533,0.5708981514947395,0.6200686454499797
Qwen/Qwen3-14B-Base,global_facts,0.5829301327975112,0.5547886596595973,0.6108732121078174
Qwen/Qwen3-14B-Base,high_school_biology,0.7966770760698413,0.7848923142294709,0.8081566246631142
Qwen/Qwen3-14B-Base,high_school_chemistry,0.665742293560932,0.6470802031648326,0.6838084990778035
Qwen/Qwen3-14B-Base,high_school_computer_science,0.7407920423626039,0.7199309805590552,0.761705001368006
Qwen/Qwen3-14B-Base,high_school_european_history,0.7281865071156306,0.709906776072029,0.7458605116157417
Qwen/Qwen3-14B-Base,high_school_geography,0.784668665525687,0.7698177660818066,0.7984036073755219
Qwen/Qwen3-14B-Base,high_school_government_and_politics,0.7757845866250299,0.7606509387700543,0.7903046039519115
Qwen/Qwen3-14B-Base,high_school_macroeconomics,0.7150133284645225,0.7013361219073259,0.7280440980055644
Qwen/Qwen3-14B-Base,high_school_mathematics,0.548853134401546,0.5296268740828695,0.5672982343569021
Qwen/Qwen3-14B-Base,high_school_microeconomics,0.7837725022572292,0.7702658933012504,0.797169044274453
Qwen/Qwen3-14B-Base,high_school_physics,0.6392839182085672,0.6175120115346097,0.6608297210763874
Qwen/Qwen3-14B-Base,high_school_psychology,0.817206014110165,0.8082441307802611,0.8258717177096015
Qwen/Qwen3-14B-Base,high_school_statistics,0.6941379322377187,0.6768065784933945,0.7109597692455633
Qwen/Qwen3-14B-Base,high_school_us_history,0.7315042827968731,0.7150858988625509,0.7475407877946176
Qwen/Qwen3-14B-Base,high_school_world_history,0.7318177679572495,0.7161407386124089,0.7470028161909635
Qwen/Qwen3-14B-Base,human_aging,0.6963135431197931,0.6796231931227595,0.7127919982011356
Qwen/Qwen3-14B-Base,human_sexuality,0.7887623959324518,0.7711854568149974,0.8053513667577822
Qwen/Qwen3-14B-Base,international_law,0.7293554346480292,0.708858489048008,0.7493075500669456
Qwen/Qwen3-14B-Base,jurisprudence,0.7384399101587191,0.7167691329362883,0.7588458136017278
Qwen/Qwen3-14B-Base,logical_fallacies,0.7198850097306188,0.7008615156208685,0.7377564551851551
Qwen/Qwen3-14B-Base,machine_learning,0.6160349250078062,0.5900408726366614,0.6412745883956196
Qwen/Qwen3-14B-Base,management,0.7946020348532739,0.7759830273974546,0.8125776125762159
Qwen/Qwen3-14B-Base,marketing,0.8432518852621015,0.8315789326927742,0.853848163716535
Qwen/Qwen3-14B-Base,medical_genetics,0.7737332581742178,0.7542128588083815,0.7928582239326547
Qwen/Qwen3-14B-Base,miscellaneous,0.8213294961655617,0.8133656398222252,0.8290118957057031
Qwen/Qwen3-14B-Base,moral_disputes,0.6488850619358058,0.6330869311320855,0.664307089060603
Qwen/Qwen3-14B-Base,moral_scenarios,0.4785525965799127,0.46581579440797444,0.4913601883052482
Qwen/Qwen3-14B-Base,nutrition,0.7302705700120031,0.7163836049188362,0.7438290773180366
Qwen/Qwen3-14B-Base,philosophy,0.6626138856491595,0.6467267240578907,0.6779276545068716
Qwen/Qwen3-14B-Base,prehistory,0.7113152777589712,0.6968204267830183,0.7251717334067456
Qwen/Qwen3-14B-Base,professional_accounting,0.5663630795864713,0.5483015748966077,0.5852224136743883
Qwen/Qwen3-14B-Base,professional_law,0.5547635398447078,0.543831677655485,0.5657088683128957
Qwen/Qwen3-14B-Base,professional_medicine,0.7313919329289769,0.7168350486244195,0.7455190077364197
Qwen/Qwen3-14B-Base,professional_psychology,0.6760051268485522,0.6636298792651255,0.6882892396995606
Qwen/Qwen3-14B-Base,public_relations,0.7389686499948116,0.7190297923651762,0.7586145947803176
Qwen/Qwen3-14B-Base,security_studies,0.7017647237659776,0.6853202298456879,0.7172877799818694
Qwen/Qwen3-14B-Base,sociology,0.7312037474822934,0.7148888979011068,0.7472116942413239
Qwen/Qwen3-14B-Base,us_foreign_policy,0.8075126237538286,0.7894325132852786,0.8247324566453454
Qwen/Qwen3-14B-Base,virology,0.6426490226617161,0.6216442830514541,0.6633106719121614
Qwen/Qwen3-14B-Base,world_religions,0.8173216642547385,0.803122210966164,0.8307685447193317
Qwen/Qwen3-32B,abstract_algebra,0.48593675287134735,0.4516394528116514,0.5194172739532434
Qwen/Qwen3-32B,anatomy,0.678571726260853,0.6522963850893526,0.7044085732779062
Qwen/Qwen3-32B,astronomy,0.7450383373299044,0.7229181252810485,0.7664277576660838
Qwen/Qwen3-32B,business_ethics,0.7723129027847822,0.7485470192558988,0.7948844841613885
Qwen/Qwen3-32B,clinical_knowledge,0.7076837066852676,0.6865893191704493,0.7283483992445158
Qwen/Qwen3-32B,college_biology,0.7477601275825514,0.7246777882863182,0.7698918314288797
Qwen/Qwen3-32B,college_chemistry,0.580425347294377,0.5476719695525426,0.6122460931973982
Qwen/Qwen3-32B,college_computer_science,0.651352604350496,0.6212550645224546,0.6802769276514444
Qwen/Qwen3-32B,college_mathematics,0.49662060732753976,0.46292753972391076,0.5295582399269328
Qwen/Qwen3-32B,college_medicine,0.6897236880378257,0.6655361064209463,0.7125752827845679
Qwen/Qwen3-32B,college_physics,0.614111610363044,0.5832247424219501,0.6446948490457934
Qwen/Qwen3-32B,computer_security,0.7517542306849367,0.7262690262696802,0.7761265178428011
Qwen/Qwen3-32B,conceptual_physics,0.7005056980659292,0.6772526784559366,0.7222751800802532
Qwen/Qwen3-32B,econometrics,0.5800403091176033,0.5493304791505608,0.6099679598562197
Qwen/Qwen3-32B,electrical_engineering,0.6974554954512466,0.6720743701613371,0.722039765812923
Qwen/Qwen3-32B,elementary_mathematics,0.7130416268604421,0.6932009155346521,0.7322931785305712
Qwen/Qwen3-32B,formal_logic,0.575026599327283,0.5443774041885948,0.6051149319033651
Qwen/Qwen3-32B,global_facts,0.562746468692665,0.5295272388557972,0.5961050119647769
Qwen/Qwen3-32B,high_school_biology,0.7829308943293076,0.7657777634925761,0.7996471010108548
Qwen/Qwen3-32B,high_school_chemistry,0.6471039910938505,0.6215390642986443,0.6715543681253888
Qwen/Qwen3-32B,high_school_computer_science,0.7245974544956687,0.6982161960016615,0.7494037809417967
Qwen/Qwen3-32B,high_school_european_history,0.7115091328636818,0.6879698218996144,0.7345258023708114
Qwen/Qwen3-32B,high_school_geography,0.7703464810332741,0.7499216088872867,0.789512815398532
Qwen/Qwen3-32B,high_school_government_and_politics,0.761055813466815,0.7409398623110265,0.780766249168494
Qwen/Qwen3-32B,high_school_macroeconomics,0.6978606714232117,0.6772277338151125,0.7177790206755057
Qwen/Qwen3-32B,high_school_mathematics,0.52835505435017,0.5026877410118875,0.5538894069338326
Qwen/Qwen3-32B,high_school_microeconomics,0.7694109324269407,0.750781018484035,0.7876784935325908
Qwen/Qwen3-32B,high_school_physics,0.6200243878662081,0.5917866824076855,0.6473405500854719
Qwen/Qwen3-32B,high_school_psychology,0.8045004021507607,0.789690809869561,0.8186690028636884
Qwen/Qwen3-32B,high_school_statistics,0.6763048462450361,0.6521452319512105,0.6994255577484728
Qwen/Qwen3-32B,high_school_us_history,0.7149469413383794,0.6925154179122169,0.7363209826786625
Qwen/Qwen3-32B,high_school_world_history,0.7152741650753496,0.6936402717470526,0.7361605049595865
Qwen/Qwen3-32B,human_aging,0.6785488420913343,0.655080173619885,0.7013034068053101
Qwen/Qwen3-32B,human_sexuality,0.7746347966661425,0.752420809346207,0.7956681462404573
Qwen/Qwen3-32B,international_law,0.7127241173670822,0.6870365217835559,0.7372776237613937
Qwen/Qwen3-32B,jurisprudence,0.7221485470146078,0.6957249945500461,0.7470771280953088
Qwen/Qwen3-32B,logical_fallacies,0.7029112153843501,0.67841686497086,0.7258313869164305
Qwen/Qwen3-32B,machine_learning,0.5963308216657882,0.5645563363479377,0.6272469545618453
Qwen/Qwen3-32B,management,0.7807571229139538,0.757553128177421,0.8028340924612699
Qwen/Qwen3-32B,marketing,0.831980898620534,0.8159144192338925,0.8466603979224291
Qwen/Qwen3-32B,medical_genetics,0.7589161655017532,0.7341205525384079,0.7820250616681315
Qwen/Qwen3-32B,miscellaneous,0.808841680744707,0.7946250151435902,0.8220620573587001
Qwen/Qwen3-32B,moral_disputes,0.629836968359673,0.6071855921228583,0.6516450357374868
Qwen/Qwen3-32B,moral_scenarios,0.4580329815529849,0.4361477146390801,0.47967616744974595
Qwen/Qwen3-32B,nutrition,0.7136652955417981,0.6930886969947357,0.7335984154000411
Qwen/Qwen3-32B,philosophy,0.6438966692113783,0.6213578965546536,0.6663479605451184
Qwen/Qwen3-32B,prehistory,0.6940377691597757,0.6732298400860629,0.7144885032965972
Qwen/Qwen3-32B,professional_accounting,0.5459969771279757,0.519817169099592,0.5709995710888618
Qwen/Qwen3-32B,professional_law,0.5342993799546285,0.5137861597900325,0.5548610233943528
Qwen/Qwen3-32B,professional_medicine,0.7148291569313427,0.6937141152652975,0.7348748855790291
Qwen/Qwen3-32B,professional_psychology,0.6576414924996691,0.6372402250847505,0.6774094805862871
Qwen/Qwen3-32B,public_relations,0.7227000114336143,0.6972404734969642,0.747274533407129
Qwen/Qwen3-32B,security_studies,0.6841724103088502,0.6614654129133637,0.7065747941383352
Qwen/Qwen3-32B,sociology,0.7146349444958677,0.6928755429500575,0.7357501689593786
Qwen/Qwen3-32B,us_foreign_policy,0.7943109663639374,0.7727174779357592,0.8154593644180199
Qwen/Qwen3-32B,virology,0.6234621637105596,0.5963472683821398,0.6506174871695063
Qwen/Qwen3-32B,world_religions,0.8046265396409374,0.785915254804005,0.822391565528429
Qwen/Qwen3-4B-Base,abstract_algebra,0.37794531748861254,0.35080094641515713,0.405490388336488
Qwen/Qwen3-4B-Base,anatomy,0.5757443135358857,0.5522495635350868,0.598724624477375
Qwen/Qwen3-4B-Base,astronomy,0.652594767084363,0.6313607856589415,0.6728606168582374
Qwen/Qwen3-4B-Base,business_ethics,0.6856110771334758,0.6609771700144966,0.7095340211222776
Qwen/Qwen3-4B-Base,clinical_knowledge,0.6087823519150585,0.5911613932251645,0.6262732602866989
Qwen/Qwen3-4B-Base,college_biology,0.6558551221508698,0.6344810214841257,0.6765560343435972
Qwen/Qwen3-4B-Base,college_chemistry,0.4706870036670624,0.44280219811431615,0.49866258013334913
Qwen/Qwen3-4B-Base,college_computer_science,0.5456582326699647,0.5182546430536381,0.5730076345856044
Qwen/Qwen3-4B-Base,college_mathematics,0.38804964997525027,0.36119043070602214,0.4148432346987733
Qwen/Qwen3-4B-Base,college_medicine,0.5882871612925505,0.5667454080007741,0.6094109831697725
Qwen/Qwen3-4B-Base,college_physics,0.5056835099555828,0.4786292778689714,0.5327458830712923
Qwen/Qwen3-4B-Base,computer_security,0.6606648195961219,0.6354289508672245,0.6857451654010693
Qwen/Qwen3-4B-Base,conceptual_physics,0.6005505718816178,0.5822324208757629,0.6190770990144411
Qwen/Qwen3-4B-Base,econometrics,0.47027896530744406,0.44403788280038403,0.496305055374695
Qwen/Qwen3-4B-Base,electrical_engineering,0.5970847053201516,0.5744612435919828,0.6192062109382688
Qwen/Qwen3-4B-Base,elementary_mathematics,0.6149610029323999,0.5997975492615967,0.630104482629661
Qwen/Qwen3-4B-Base,formal_logic,0.4651606867068652,0.44054016240891,0.4904712304520947
Qwen/Qwen3-4B-Base,global_facts,0.4527417896449217,0.4246395686705892,0.4807543276007249
Qwen/Qwen3-4B-Base,high_school_biology,0.6986626702116536,0.6838533363623007,0.7133724276865543
Qwen/Qwen3-4B-Base,high_school_chemistry,0.5409947977623386,0.5207136529271367,0.5612053949995651
Qwen/Qwen3-4B-Base,high_school_computer_science,0.6284520025734549,0.6033966888939283,0.6535777252038338
Qwen/Qwen3-4B-Base,high_school_european_history,0.6132126366337954,0.5917894901547066,0.6344600704819797
Qwen/Qwen3-4B-Base,high_school_geography,0.6831788485200168,0.6648197797225253,0.7012554985454846
Qwen/Qwen3-4B-Base,high_school_government_and_politics,0.6718599096370484,0.6526414481338264,0.6902733733846618
Qwen/Qwen3-4B-Base,high_school_macroeconomics,0.597516974325255,0.5820583056092964,0.6126914282260671
Qwen/Qwen3-4B-Base,high_school_mathematics,0.418573403366212,0.40072375204836164,0.4370034675751042
Qwen/Qwen3-4B-Base,high_school_microeconomics,0.6820275170530641,0.6649217722801426,0.6987171566866925
Qwen/Qwen3-4B-Base,high_school_physics,0.5119192281301547,0.48862041933437095,0.5352874330366737
Qwen/Qwen3-4B-Base,high_school_psychology,0.725670150434021,0.7141695789822853,0.7369898175004362
Qwen/Qwen3-4B-Base,high_school_statistics,0.5731914729228457,0.5536654366404662,0.5923621823802615
Qwen/Qwen3-4B-Base,high_school_us_history,0.6171835312489977,0.5980218436538384,0.6362772116035905
Qwen/Qwen3-4B-Base,high_school_world_history,0.6175579896345148,0.5993413929813862,0.6359093943283041
Qwen/Qwen3-4B-Base,human_aging,0.5756998982078113,0.5568718364301167,0.5944859107777211
Qwen/Qwen3-4B-Base,human_sexuality,0.6884519900576683,0.6668773114042886,0.7098881264309886
Qwen/Qwen3-4B-Base,international_law,0.614628562564978,0.5907288351748556,0.6386631110146851
Qwen/Qwen3-4B-Base,jurisprudence,0.6255939533661928,0.5998568517792789,0.6507948536004964
Qwen/Qwen3-4B-Base,logical_fallacies,0.6033128604319861,0.5815534384680305,0.6248666682635989
Qwen/Qwen3-4B-Base,machine_learning,0.4870764717706161,0.4599312455979628,0.5137067125584651
Qwen/Qwen3-4B-Base,management,0.6960098889955137,0.6720821896622833,0.7190079376935835
Qwen/Qwen3-4B-Base,marketing,0.7609570001670766,0.745704347767892,0.7756634020244332
Qwen/Qwen3-4B-Base,medical_genetics,0.6692936490289254,0.6445554487733783,0.6932911897264048
Qwen/Qwen3-4B-Base,miscellaneous,0.7311758334858139,0.720947800472123,0.7411138081278811
Qwen/Qwen3-4B-Base,moral_disputes,0.5223429476697705,0.5056392192255911,0.5390998939047867
Qwen/Qwen3-4B-Base,moral_scenarios,0.3519175975016037,0.3404503282938016,0.3634149594802886
Qwen/Qwen3-4B-Base,nutrition,0.6156879079809544,0.5996131872192583,0.6318638136500131
Qwen/Qwen3-4B-Base,philosophy,0.537496007896064,0.5203851860120242,0.5541077330719336
Qwen/Qwen3-4B-Base,prehistory,0.5931663621772437,0.576943295366753,0.6090757766309856
Qwen/Qwen3-4B-Base,professional_accounting,0.43594275462567134,0.41756183346789505,0.4544310125636975
Qwen/Qwen3-4B-Base,professional_law,0.4243699116594102,0.4137512801362581,0.43479629770081374
Qwen/Qwen3-4B-Base,professional_medicine,0.6170396812180153,0.5997931075202054,0.6336320636137256
Qwen/Qwen3-4B-Base,professional_psychology,0.5524842864303219,0.5390945360712772,0.565927470478537
Qwen/Qwen3-4B-Base,public_relations,0.6262284602606191,0.6018060055593645,0.6502155936979359
Qwen/Qwen3-4B-Base,security_studies,0.5820125295082649,0.5635856411667097,0.60050265524985
Qwen/Qwen3-4B-Base,sociology,0.6168209225106961,0.5978950519019369,0.6351630894343717
Qwen/Qwen3-4B-Base,us_foreign_policy,0.7128739845027744,0.6896435532018806,0.7357774926018039
Qwen/Qwen3-4B-Base,virology,0.5155686012180972,0.4935762789088391,0.5375251090305642
Qwen/Qwen3-4B-Base,world_religions,0.72584920904233,0.707141252917587,0.7436438537638208
Qwen/Qwen3-8B-Base,abstract_algebra,0.4344819034210899,0.406006003134313,0.4633605117867258
Qwen/Qwen3-8B-Base,anatomy,0.6318311444552831,0.6091734020291522,0.6539803969528154
Qwen/Qwen3-8B-Base,astronomy,0.703753957042259,0.6839467235880424,0.7225157220570871
Qwen/Qwen3-8B-Base,business_ethics,0.7338828371461852,0.7117823777815836,0.7550801646732324
Qwen/Qwen3-8B-Base,clinical_knowledge,0.6630710882390441,0.6468335545013404,0.6791461919882734
Qwen/Qwen3-8B-Base,college_biology,0.7067494808711166,0.6870834193589961,0.7260710451000417
Qwen/Qwen3-8B-Base,college_chemistry,0.5292938124236211,0.5009655931947979,0.5573812941601384
Qwen/Qwen3-8B-Base,college_computer_science,0.6029689546891072,0.5763977855347376,0.6291936368626395
Qwen/Qwen3-8B-Base,college_mathematics,0.4450169260175528,0.4166013839609461,0.4733815605222092
Qwen/Qwen3-8B-Base,college_medicine,0.6437491499988417,0.6237859468263939,0.6633172735747382
Qwen/Qwen3-8B-Base,college_physics,0.5640079378418291,0.5368585769176879,0.5901981478855758
Qwen/Qwen3-8B-Base,computer_security,0.7111526641498112,0.6877256431395992,0.7336367193394511
Qwen/Qwen3-8B-Base,conceptual_physics,0.6553329373702217,0.6376776273834615,0.6728038518192719
Qwen/Qwen3-8B-Base,econometrics,0.528892406360811,0.502863654326829,0.5549661845211336
Qwen/Qwen3-8B-Base,electrical_engineering,0.6520584124876053,0.6302504639413495,0.672782345792369
Qwen/Qwen3-8B-Base,elementary_mathematics,0.6688626816408715,0.6544392390195947,0.6829338381644965
Qwen/Qwen3-8B-Base,formal_logic,0.5237692690166869,0.4986964255579281,0.5489531526861232
Qwen/Qwen3-8B-Base,global_facts,0.5112711157324473,0.4830554925978228,0.5394407587723752
Qwen/Qwen3-8B-Base,high_school_biology,0.7456915113805547,0.7320944303404873,0.7591042895421869
Qwen/Qwen3-8B-Base,high_school_chemistry,0.5984806974198813,0.5790028703780737,0.6179238356053618
Qwen/Qwen3-8B-Base,high_school_computer_science,0.6814222574461268,0.657984352468611,0.7046257233626839
Qwen/Qwen3-8B-Base,high_school_european_history,0.6672142101930869,0.6467629463886789,0.6869847281766919
Qwen/Qwen3-8B-Base,high_school_geography,0.7316909923134097,0.7147789256289011,0.7479256587929264
Qwen/Qwen3-8B-Base,high_school_government_and_politics,0.7213960310507525,0.7038847255720768,0.738551427762729
Qwen/Qwen3-8B-Base,high_school_macroeconomics,0.652480016948534,0.6373956813114213,0.6668001696533861
Qwen/Qwen3-8B-Base,high_school_mathematics,0.47656063997457543,0.45806468850824067,0.4950793538241573
Qwen/Qwen3-8B-Base,high_school_microeconomics,0.7306496704364556,0.7150136193276583,0.7458138162402048
Qwen/Qwen3-8B-Base,high_school_physics,0.570145485197736,0.547714119405137,0.5930079994379294
Qwen/Qwen3-8B-Base,high_school_psychology,0.7698750988588505,0.7592280950079142,0.7801797446021053
Qwen/Qwen3-8B-Base,high_school_statistics,0.6294088619397995,0.6108168982756109,0.6477839708113503
Qwen/Qwen3-8B-Base,high_school_us_history,0.6709335910503358,0.653050690927227,0.6884590354560273
Qwen/Qwen3-8B-Base,high_school_world_history,0.6712844337798568,0.6540235569951768,0.6882544815625286
Qwen/Qwen3-8B-Base,human_aging,0.6317995423653154,0.613671138690726,0.6501244017582768
Qwen/Qwen3-8B-Base,human_sexuality,0.736462312978831,0.7167692002903335,0.7553215063858892
Qwen/Qwen3-8B-Base,international_law,0.6685330429985687,0.645728827774029,0.690721678344752
Qwen/Qwen3-8B-Base,jurisprudence,0.6787635248850674,0.6549467250621132,0.7017059609259018
Qwen/Qwen3-8B-Base,logical_fallacies,0.657925172479754,0.6367932272849337,0.6779004749916974
Qwen/Qwen3-8B-Base,machine_learning,0.5456235238111108,0.5186360625793697,0.57229784542266
Qwen/Qwen3-8B-Base,management,0.7432828025116867,0.7216857568897237,0.7639929091626546
Qwen/Qwen3-8B-Base,marketing,0.8010308175927786,0.7878073210476636,0.8137836687099825
Qwen/Qwen3-8B-Base,medical_genetics,0.719042716466848,0.696095198079374,0.7409678530344682
Qwen/Qwen3-8B-Base,miscellaneous,0.7747709665652592,0.7654994752191634,0.7839107758870558
Qwen/Qwen3-8B-Base,moral_disputes,0.5803608665269883,0.5640610492979816,0.5965558239477429
Qwen/Qwen3-8B-Base,moral_scenarios,0.4071479845773751,0.3951436761378511,0.41952303630902055
Qwen/Qwen3-8B-Base,nutrition,0.669541050914434,0.6543549748429465,0.6847804601879365
Qwen/Qwen3-8B-Base,philosophy,0.5950987354187856,0.5784311636038768,0.6115024702102418
Qwen/Qwen3-8B-Base,prehistory,0.6483730006020293,0.6329615082307848,0.6637026207350575
Qwen/Qwen3-8B-Base,professional_accounting,0.49429064220813446,0.47571348813622166,0.5128575545286691
Qwen/Qwen3-8B-Base,professional_law,0.4825075375480612,0.4715153776393907,0.4934095298038028
Qwen/Qwen3-8B-Base,professional_medicine,0.6708019216934163,0.6543780756685933,0.6868742272668943
Qwen/Qwen3-8B-Base,professional_psychology,0.6095831772981104,0.5970916361228781,0.6225613527343964
Qwen/Qwen3-8B-Base,public_relations,0.6793559002075273,0.6567489068842948,0.7016759838545694
Qwen/Qwen3-8B-Base,security_studies,0.6378032553565108,0.620749948489286,0.6557188681055363
Qwen/Qwen3-8B-Base,sociology,0.6705943929175476,0.652785250109052,0.6882876293079251
Qwen/Qwen3-8B-Base,us_foreign_policy,0.75843632460237,0.7375294334819763,0.779027066362911
Qwen/Qwen3-8B-Base,virology,0.5737246626178029,0.5523200272121004,0.5953154326265925
Qwen/Qwen3-8B-Base,world_religions,0.7700252427354722,0.753266868931295,0.7857994859155533
google/gemma-3-12b-pt,abstract_algebra,0.5123634154621309,0.4830867843260981,0.5413500645251307
google/gemma-3-12b-pt,anatomy,0.7012465012614144,0.6809389429897497,0.7211292935363425
google/gemma-3-12b-pt,astronomy,0.7646636729286055,0.7476921265292009,0.7811477386153955
google/gemma-3-12b-pt,business_ethics,0.7904327166648538,0.7713720012776197,0.8087001441660938
google/gemma-3-12b-pt,clinical_knowledge,0.7291348057172751,0.714212630423608,0.7433464906282914
google/gemma-3-12b-pt,college_biology,0.7672444675181933,0.749822523040198,0.7838279977360862
google/gemma-3-12b-pt,college_chemistry,0.6059648050425257,0.5784147468240172,0.632743425353454
google/gemma-3-12b-pt,college_computer_science,0.6750120389911741,0.6500986852422868,0.6993020069181671
google/gemma-3-12b-pt,college_mathematics,0.5230407694407765,0.49418742845120717,0.5519816581730742
google/gemma-3-12b-pt,college_medicine,0.7119461280935468,0.6936793995440029,0.7295116080691351
google/gemma-3-12b-pt,college_physics,0.6388861856473753,0.6133391225233664,0.6641579397226751
google/gemma-3-12b-pt,computer_security,0.7710260702506916,0.7507698401902029,0.7906419343721259
google/gemma-3-12b-pt,conceptual_physics,0.7222750082122082,0.70622018047048,0.7379176142269186
google/gemma-3-12b-pt,econometrics,0.6055885119032196,0.5803582448627411,0.6301554098335277
google/gemma-3-12b-pt,electrical_engineering,0.7193556096008317,0.699747977671804,0.7379487804223868
google/gemma-3-12b-pt,elementary_mathematics,0.734249483336772,0.7211816945012001,0.7471473473828061
google/gemma-3-12b-pt,formal_logic,0.6006715548328747,0.576315396301321,0.6248825086299157
google/gemma-3-12b-pt,global_facts,0.5885932671070526,0.5614113024167441,0.6158466879721513
google/gemma-3-12b-pt,high_school_biology,0.8004330856435431,0.7885894366651469,0.8118016556424111
google/gemma-3-12b-pt,high_school_chemistry,0.6709163488617534,0.6523701530374363,0.689350633480363
google/gemma-3-12b-pt,high_school_computer_science,0.7452497370417579,0.7244386211912408,0.7659551159749131
google/gemma-3-12b-pt,high_school_european_history,0.7327841999802865,0.7146195202892367,0.7501110256029037
google/gemma-3-12b-pt,high_school_geography,0.7885874733796523,0.77406052421155,0.8024973578530448
google/gemma-3-12b-pt,high_school_government_and_politics,0.7798179309649695,0.7650009911896282,0.7945654345952954
google/gemma-3-12b-pt,high_school_macroeconomics,0.7197478569022229,0.7067501516858788,0.7327424910264885
google/gemma-3-12b-pt,high_school_mathematics,0.5546274685683688,0.5362782808622065,0.572926653187797
google/gemma-3-12b-pt,high_school_microeconomics,0.7877039496068421,0.7742577920181115,0.8009383459089937
google/gemma-3-12b-pt,high_school_physics,0.644649599238725,0.6232793434858822,0.6655923791176027
google/gemma-3-12b-pt,high_school_psychology,0.8206681727111184,0.8119224520016717,0.8292278201571263
google/gemma-3-12b-pt,high_school_statistics,0.6990725595072501,0.6819678648805949,0.7157536306850364
google/gemma-3-12b-pt,high_school_us_history,0.7360667834124609,0.7203979489845156,0.7516280431659935
google/gemma-3-12b-pt,high_school_world_history,0.7363753411304927,0.7208899344837033,0.7514474066971035
google/gemma-3-12b-pt,human_aging,0.7012275949062473,0.6846811238758999,0.7176349115691842
google/gemma-3-12b-pt,human_sexuality,0.7926269034526426,0.7753785590844665,0.8089144926758666
google/gemma-3-12b-pt,international_law,0.7339388878199076,0.7139272824747541,0.7537039528552126
google/gemma-3-12b-pt,jurisprudence,0.7429253811359421,0.7219254132198296,0.7629700235631848
google/gemma-3-12b-pt,logical_fallacies,0.7245690412158389,0.7059399130139555,0.7424542575016618
google/gemma-3-12b-pt,machine_learning,0.6215406762409948,0.595690016703756,0.6466436235500369
google/gemma-3-12b-pt,management,0.7983872358295611,0.7801805744714179,0.8157446806941174
google/gemma-3-12b-pt,marketing,0.8463150319122941,0.834950673689334,0.8569379828120501
google/gemma-3-12b-pt,medical_genetics,0.7777924107866542,0.7579585065469009,0.7966149411193146
google/gemma-3-12b-pt,miscellaneous,0.8247306920822421,0.8169618360618577,0.8324037451810161
google/gemma-3-12b-pt,moral_disputes,0.6541867338649429,0.6389048254759107,0.6694299750808691
google/gemma-3-12b-pt,moral_scenarios,0.4843823691908044,0.4715830974275205,0.49720472680487654
google/gemma-3-12b-pt,nutrition,0.7348467166568554,0.7213883827254479,0.7482503589139737
google/gemma-3-12b-pt,philosophy,0.6678144946502119,0.6521084116169268,0.6827692717275327
google/gemma-3-12b-pt,prehistory,0.7160877673854831,0.7020127227763631,0.7294793049149445
google/gemma-3-12b-pt,professional_accounting,0.5720884333074354,0.5539069176003208,0.5902242193045484
google/gemma-3-12b-pt,professional_law,0.5605238708541925,0.5494020658113629,0.5714526769549382
google/gemma-3-12b-pt,professional_medicine,0.7359537930501618,0.7215009035321941,0.7501598230133553
google/gemma-3-12b-pt,professional_psychology,0.6810986154478316,0.6688685564002785,0.6931695378287136
google/gemma-3-12b-pt,public_relations,0.7434452410958219,0.7232920208964048,0.7630595181376456
google/gemma-3-12b-pt,security_studies,0.7066288966913885,0.6906542143635143,0.7222509874160437
google/gemma-3-12b-pt,sociology,0.7357667774855812,0.7195874592480987,0.7512471220035738
google/gemma-3-12b-pt,us_foreign_policy,0.8111124047565759,0.7930052325463708,0.827961154337434
google/gemma-3-12b-pt,virology,0.6479923158709777,0.626814005271602,0.6681481665570821
google/gemma-3-12b-pt,world_religions,0.8207829657415742,0.8068554454145217,0.8338889776822146
google/gemma-3-1b-pt,abstract_algebra,0.15584690520688874,0.14051065422970876,0.17155232561184774
google/gemma-3-1b-pt,anatomy,0.2919396044845227,0.27240070744022066,0.3123090881141027
google/gemma-3-1b-pt,astronomy,0.3633420934308472,0.34184877751195447,0.3845892281971337
google/gemma-3-1b-pt,business_ethics,0.39858343903808097,0.3716394956042042,0.4259827637635353
google/gemma-3-1b-pt,clinical_knowledge,0.3209560939241265,0.3049888017865024,0.33741519905650336
google/gemma-3-1b-pt,college_biology,0.3666915896426487,0.34505041113222146,0.3892173749769146
google/gemma-3-1b-pt,college_chemistry,0.2127368380988189,0.19401265582222796,0.2320685414254073
google/gemma-3-1b-pt,college_computer_science,0.26737977679012126,0.2457127769888666,0.2896746864672951
google/gemma-3-1b-pt,college_mathematics,0.16155748181239485,0.146398231735046,0.17774587308644416
google/gemma-3-1b-pt,college_medicine,0.3026886186860562,0.28448791606842994,0.3213142492838269
google/gemma-3-1b-pt,college_physics,0.23714397865547931,0.21794305450926718,0.25699123603383195
google/gemma-3-1b-pt,computer_security,0.3717329676420199,0.3451286048174649,0.39832941491776125
google/gemma-3-1b-pt,conceptual_physics,0.3135080897605541,0.296914254143708,0.3311950655331345
google/gemma-3-1b-pt,econometrics,0.21244193827968846,0.19488200614552484,0.2303460478456693
google/gemma-3-1b-pt,electrical_engineering,0.31045269813495274,0.29070287055622784,0.33095002480455177
google/gemma-3-1b-pt,elementary_mathematics,0.32663278147120417,0.31225303197631715,0.34129310695941906
google/gemma-3-1b-pt,formal_logic,0.20901853296156328,0.19244692323056778,0.2264344332360296
google/gemma-3-1b-pt,global_facts,0.20089466982793353,0.18276140455985176,0.21934804052345908
google/gemma-3-1b-pt,high_school_biology,0.41321817538172956,0.3959699542775699,0.4304599753444072
google/gemma-3-1b-pt,high_school_chemistry,0.26363768630881196,0.24791890621143187,0.2802297155196968
google/gemma-3-1b-pt,high_school_computer_science,0.3395018328231854,0.31602870848083264,0.3648785177990296
google/gemma-3-1b-pt,high_school_european_history,0.32507749533472746,0.3051506284213658,0.34495626442605687
google/gemma-3-1b-pt,high_school_geography,0.3957909470635032,0.3752097249852574,0.41653815300740826
google/gemma-3-1b-pt,high_school_government_and_politics,0.38347351651121186,0.3631224875327349,0.40387037772476314
google/gemma-3-1b-pt,high_school_macroeconomics,0.3107653487072323,0.29707163244761625,0.3248811118251079
google/gemma-3-1b-pt,high_school_mathematics,0.17942490864014965,0.1683933950627828,0.19083983141361144
google/gemma-3-1b-pt,high_school_microeconomics,0.3945031522441833,0.37601811362876125,0.41346469233171923
google/gemma-3-1b-pt,high_school_physics,0.2416463274106269,0.22473701078517666,0.25911474471489393
google/gemma-3-1b-pt,high_school_psychology,0.4454727276730408,0.43108625585592814,0.4599450517958011
google/gemma-3-1b-pt,high_school_statistics,0.2897443172742093,0.2735528876270605,0.3065839965295635
google/gemma-3-1b-pt,high_school_us_history,0.328742279548082,0.31100874544577095,0.3473323176649377
google/gemma-3-1b-pt,high_school_world_history,0.3290834875250285,0.31193719641814194,0.3466077812431864
google/gemma-3-1b-pt,human_aging,0.29185752298929574,0.2759974984960609,0.3085407556247412
google/gemma-3-1b-pt,human_sexuality,0.40171007108583306,0.3775998691970405,0.42603994391968886
google/gemma-3-1b-pt,international_law,0.3264240312741107,0.3044323410064628,0.3495147115059528
google/gemma-3-1b-pt,jurisprudence,0.33676288504757435,0.31286347455218294,0.3613859827283713
google/gemma-3-1b-pt,logical_fallacies,0.3160306748564768,0.29619260576414325,0.33566629758985883
google/gemma-3-1b-pt,machine_learning,0.223938203960243,0.20499215190230677,0.24314046395042987
google/gemma-3-1b-pt,management,0.41030705814057683,0.3829816453755448,0.4373575075103674
google/gemma-3-1b-pt,marketing,0.4916071051647025,0.470729517483903,0.5120534105982621
google/gemma-3-1b-pt,medical_genetics,0.380817882497447,0.35475746423511956,0.40745664378231866
google/gemma-3-1b-pt,miscellaneous,0.45234634724736406,0.43896739327435913,0.46533508186379524
google/gemma-3-1b-pt,moral_disputes,0.24932227250937017,0.23666458006494165,0.26243541989731634
google/gemma-3-1b-pt,moral_scenarios,0.14155320447128533,0.13523960856241635,0.14801685421481628
google/gemma-3-1b-pt,nutrition,0.32731664376868175,0.3120834542174085,0.3427619147356141
google/gemma-3-1b-pt,philosophy,0.2608847644033202,0.2478910177915012,0.27407932639211624
google/gemma-3-1b-pt,prehistory,0.3069170939627517,0.2922412595974742,0.3214351483987075
google/gemma-3-1b-pt,professional_accounting,0.19011452720011734,0.17865767721276488,0.20206768483232068
google/gemma-3-1b-pt,professional_law,0.1829169856946457,0.17605483178344722,0.1899737974875051
google/gemma-3-1b-pt,professional_medicine,0.32858736314063675,0.31262394912218977,0.3450702157087401
google/gemma-3-1b-pt,professional_psychology,0.2726832845200616,0.2617168094535921,0.28378176265555877
google/gemma-3-1b-pt,public_relations,0.3373553550297799,0.31441332749761186,0.3613557976932685
google/gemma-3-1b-pt,security_studies,0.29723294901947883,0.2810434547705214,0.31347823640447137
google/gemma-3-1b-pt,sociology,0.3283999148697118,0.3107881925943309,0.3460755343610127
google/gemma-3-1b-pt,us_foreign_policy,0.43004267573289007,0.40317398198697685,0.4579770427382698
google/gemma-3-1b-pt,virology,0.2443243523800564,0.22772799059334872,0.2614596059888791
google/gemma-3-1b-pt,world_religions,0.44578704464022345,0.4228416907410501,0.46849377544362447
google/gemma-3-27b-pt,abstract_algebra,0.5679432526106117,0.5338254238037093,0.6015973427772656
google/gemma-3-27b-pt,anatomy,0.7459320438632402,0.7218605597368898,0.7686580655534899
google/gemma-3-27b-pt,astronomy,0.8025323051100028,0.7834478427669048,0.8209106344786288
google/gemma-3-27b-pt,business_ethics,0.8250873684047276,0.8047094915097994,0.8441783001084371
google/gemma-3-27b-pt,clinical_knowledge,0.7710157377289003,0.7520032058421801,0.7893836057835506
google/gemma-3-27b-pt,college_biology,0.8048011851334492,0.78518415901238,0.8231665353652351
google/gemma-3-27b-pt,college_chemistry,0.6579687384525574,0.6263209449170181,0.6881092702737206
google/gemma-3-27b-pt,college_computer_science,0.7220668847189899,0.6945176785628396,0.7489649851989177
google/gemma-3-27b-pt,college_mathematics,0.5784018531834546,0.544545251029244,0.6120065859911817
google/gemma-3-27b-pt,college_medicine,0.7555904170825678,0.7332725051429503,0.7771148299646343
google/gemma-3-27b-pt,college_physics,0.6887733062436887,0.6605912837371197,0.7167571521315689
google/gemma-3-27b-pt,computer_security,0.8081172662383976,0.7870372856077505,0.8285833490008098
google/gemma-3-27b-pt,conceptual_physics,0.7648760593241285,0.7450039315824447,0.7845965291393537
google/gemma-3-27b-pt,econometrics,0.6576226506006028,0.628444628117782,0.685841865983725
google/gemma-3-27b-pt,electrical_engineering,0.7622429965454356,0.7390914825559217,0.783813629963688
google/gemma-3-27b-pt,elementary_mathematics,0.7755864111746043,0.7575495867109024,0.7927202694894574
google/gemma-3-27b-pt,formal_logic,0.6529880395873934,0.6238652572209863,0.6812290559158569
google/gemma-3-27b-pt,global_facts,0.6415357570114952,0.6087280922102527,0.672564553125608
google/gemma-3-27b-pt,high_school_biology,0.8337931261356986,0.8187369824156308,0.8478831624494635
google/gemma-3-27b-pt,high_school_chemistry,0.7183379294822546,0.6952067612194299,0.7403637503844672
google/gemma-3-27b-pt,high_school_computer_science,0.7853568615613691,0.7620661330225272,0.8073819391986995
google/gemma-3-27b-pt,high_school_european_history,0.7742682317428705,0.7531347538378337,0.7951864849506622
google/gemma-3-27b-pt,high_school_geography,0.8234901854860401,0.806546907079677,0.8398670192995641
google/gemma-3-27b-pt,high_school_government_and_politics,0.8158370260558468,0.7984256114972245,0.8326116956674
google/gemma-3-27b-pt,high_school_macroeconomics,0.7626114154406564,0.7443364071289449,0.7806156728687449
google/gemma-3-27b-pt,high_school_mathematics,0.6090770231964858,0.5834761753540122,0.6346661197187337
google/gemma-3-27b-pt,high_school_microeconomics,0.8227238926556539,0.806551954866338,0.8381735176637852
google/gemma-3-27b-pt,high_school_physics,0.6941290673099544,0.6678657202916197,0.7189066577946267
google/gemma-3-27b-pt,high_school_psychology,0.851272212402096,0.8385766127162806,0.8633133389316964
google/gemma-3-27b-pt,high_school_statistics,0.7439783736135376,0.7228037679269498,0.7645763785084599
google/gemma-3-27b-pt,high_school_us_history,0.7771972654323508,0.7573708512455885,0.7961662656625303
google/gemma-3-27b-pt,high_school_world_history,0.7774761010497027,0.758203577074501,0.7965596899356534
google/gemma-3-27b-pt,human_aging,0.7459255314381144,0.7245085450654085,0.7663177764793883
google/gemma-3-27b-pt,human_sexuality,0.8270064727798813,0.8088757602987882,0.8443888940295278
google/gemma-3-27b-pt,international_law,0.7752956982171545,0.7521489487076922,0.7964434053155576
google/gemma-3-27b-pt,jurisprudence,0.7832962362550533,0.7602710440441242,0.8048585936942927
google/gemma-3-27b-pt,logical_fallacies,0.7669257470245321,0.7448323346483685,0.7876820441111323
google/gemma-3-27b-pt,machine_learning,0.6726003786768222,0.6427248964976492,0.701262355625276
google/gemma-3-27b-pt,management,0.832005438028966,0.812717339347312,0.8501934018693337
google/gemma-3-27b-pt,marketing,0.8732099128085313,0.8602720321904296,0.8853711107835883
google/gemma-3-27b-pt,medical_genetics,0.8140559738597657,0.7929572868135776,0.8337626442429005
google/gemma-3-27b-pt,miscellaneous,0.8547643405610112,0.8429914613575167,0.8661574636694513
google/gemma-3-27b-pt,moral_disputes,0.7029604334788407,0.6812850632390961,0.7235849412749299
google/gemma-3-27b-pt,moral_scenarios,0.5403381638674957,0.5175689689276735,0.563408964290506
google/gemma-3-27b-pt,nutrition,0.7761117609140397,0.7575025095383362,0.7941072714144465
google/gemma-3-27b-pt,philosophy,0.7154961772805913,0.6941310490344207,0.7362212553340589
google/gemma-3-27b-pt,prehistory,0.7593249336605755,0.7401988275398588,0.7777837663372167
google/gemma-3-27b-pt,professional_accounting,0.6258373495924957,0.6003494400509569,0.6508668477409469
google/gemma-3-27b-pt,professional_law,0.6147642328014553,0.593459366268127,0.6357960069431752
google/gemma-3-27b-pt,professional_medicine,0.7770994143412798,0.7577323088097644,0.7955943844532851
google/gemma-3-27b-pt,professional_psychology,0.7276485788855996,0.7084999572269733,0.7466630831556856
google/gemma-3-27b-pt,public_relations,0.7837561334616979,0.761493008210559,0.8050098304380429
google/gemma-3-27b-pt,security_studies,0.7508053402510904,0.730405808305586,0.7706686656968524
google/gemma-3-27b-pt,sociology,0.7769350306119831,0.7572269395099752,0.7957668712986303
google/gemma-3-27b-pt,us_foreign_policy,0.8430267538055578,0.8244712038457627,0.860801907291809
google/gemma-3-27b-pt,virology,0.6972259424024955,0.6714879743911869,0.7218255696850737
google/gemma-3-27b-pt,world_religions,0.8513646492521579,0.8355888546078611,0.865784973121918
google/gemma-3-4b-pt,abstract_algebra,0.3553460830744213,0.3285894998225548,0.3824822963573631
google/gemma-3-4b-pt,anatomy,0.5518034601733609,0.5279402741146835,0.5754787336504832
google/gemma-3-4b-pt,astronomy,0.6302017777306909,0.6084519155205073,0.651703721163963
google/gemma-3-4b-pt,business_ethics,0.6642566403460833,0.6387127080551182,0.6887081027743636
google/gemma-3-4b-pt,clinical_knowledge,0.5853575280337925,0.5677803466131504,0.6026887617302146
google/gemma-3-4b-pt,college_biology,0.6335562585613039,0.611514236902759,0.6548793217998744
google/gemma-3-4b-pt,college_chemistry,0.4465221711890224,0.4186932148381453,0.4741637867591168
google/gemma-3-4b-pt,college_computer_science,0.5214355582909461,0.493472902940858,0.54906663135898
google/gemma-3-4b-pt,college_mathematics,0.36519928863413514,0.33923136987467695,0.39160957305664734
google/gemma-3-4b-pt,college_medicine,0.5645167099112803,0.5430815424848116,0.5852992102689643
google/gemma-3-4b-pt,college_physics,0.4813549274423763,0.4544757027147237,0.5081113472461155
google/gemma-3-4b-pt,computer_security,0.6385106661319854,0.612501378924992,0.6640026632184953
google/gemma-3-4b-pt,conceptual_physics,0.5769758128847248,0.5583517794285957,0.5958784909353664
google/gemma-3-4b-pt,econometrics,0.4461147133279947,0.42009440368415574,0.47162930709747775
google/gemma-3-4b-pt,electrical_engineering,0.5734548207959986,0.5504854152404184,0.5960973100717303
google/gemma-3-4b-pt,elementary_mathematics,0.5916559649107817,0.5763415593715585,0.6070217615344256
google/gemma-3-4b-pt,formal_logic,0.44103959036434376,0.4166037976533347,0.4663952501071694
google/gemma-3-4b-pt,global_facts,0.4287527699876448,0.4010743543252244,0.4567916640067234
google/gemma-3-4b-pt,high_school_biology,0.6777691521639843,0.6621927085265297,0.6929852218987129
google/gemma-3-4b-pt,high_school_chemistry,0.5167349517155192,0.4967183855195011,0.536908040683148
google/gemma-3-4b-pt,high_school_computer_science,0.6054501174342682,0.5795884188614837,0.6315359299731423
google/gemma-3-4b-pt,high_school_european_history,0.5898781184908334,0.5679864160586428,0.6116045493869685
google/gemma-3-4b-pt,high_school_geography,0.6617353148880298,0.6428871771207963,0.6805167259460713
google/gemma-3-4b-pt,high_school_government_and_politics,0.650042936149734,0.631107411600854,0.6693220222586479
google/gemma-3-4b-pt,high_school_macroeconomics,0.5738878170397718,0.5584689527602341,0.589192666434222
google/gemma-3-4b-pt,high_school_mathematics,0.3950759521777442,0.3775297042209179,0.4128836210420121
google/gemma-3-4b-pt,high_school_microeconomics,0.660543836861215,0.6430925787752816,0.6777248985708905
google/gemma-3-4b-pt,high_school_physics,0.4875813865328343,0.46487888759927487,0.5111894557286973
google/gemma-3-4b-pt,high_school_psychology,0.7058591989575095,0.6938982937941841,0.717803361036633
google/gemma-3-4b-pt,high_school_statistics,0.5492147734209583,0.5298886984563836,0.5688341819596449
google/gemma-3-4b-pt,high_school_us_history,0.5939273450509281,0.574537687966296,0.6134391172311532
google/gemma-3-4b-pt,high_school_world_history,0.5943089009917487,0.575515174734692,0.6127994163002785
google/gemma-3-4b-pt,human_aging,0.5517533160925588,0.5319447472153351,0.5706476330572344
google/gemma-3-4b-pt,human_sexuality,0.6671959625545786,0.6447027263955598,0.6891579130700725
google/gemma-3-4b-pt,international_law,0.5913253520796722,0.5670251377602412,0.6159355410050043
google/gemma-3-4b-pt,jurisprudence,0.6025274718814702,0.5766884393443853,0.6280639579200186
google/gemma-3-4b-pt,logical_fallacies,0.5797904823153106,0.5569740374229317,0.6011364944195723
google/gemma-3-4b-pt,machine_learning,0.4628050852347579,0.4358935000325863,0.4893743453207891
google/gemma-3-4b-pt,management,0.6750260772716588,0.6505507582245524,0.6992697301870091
google/gemma-3-4b-pt,marketing,0.7427942021845837,0.7268081981863631,0.7582166084256408
google/gemma-3-4b-pt,medical_genetics,0.6474012482490912,0.6222310583768385,0.6720676784304683
google/gemma-3-4b-pt,miscellaneous,0.7116030559870773,0.7007098407431844,0.7220998752431782
google/gemma-3-4b-pt,moral_disputes,0.4980085425464238,0.4815342426602967,0.5148340225116615
google/gemma-3-4b-pt,moral_scenarios,0.33003347873678196,0.3190515008597944,0.341110535053217
google/gemma-3-4b-pt,nutrition,0.5923986678801191,0.575902647398776,0.6090647248942713
google/gemma-3-4b-pt,philosophy,0.5132145258588947,0.49607680569637297,0.530137576209692
google/gemma-3-4b-pt,prehistory,0.5694661073156871,0.5527768675425029,0.5853286931201355
google/gemma-3-4b-pt,professional_accounting,0.41216153226933055,0.3942098128708395,0.4302959402252053
google/gemma-3-4b-pt,professional_law,0.40076613263681043,0.39013848631242193,0.4111717627457717
google/gemma-3-4b-pt,professional_medicine,0.5937785387411489,0.5761759000372192,0.6111950079706652
google/gemma-3-4b-pt,professional_psychology,0.5282964686485215,0.5147945608804124,0.5415823914290003
google/gemma-3-4b-pt,public_relations,0.603175409204059,0.5785460071744666,0.6275802236695928
google/gemma-3-4b-pt,security_studies,0.5581480784560907,0.5394172855393624,0.5770553446677532
google/gemma-3-4b-pt,sociology,0.5935566259315743,0.5742945451805869,0.6128706365473048
google/gemma-3-4b-pt,us_foreign_policy,0.6925410629327802,0.668670697742725,0.7164967787289419
google/gemma-3-4b-pt,virology,0.49123081723517303,0.4691972145347225,0.5131964669560313
google/gemma-3-4b-pt,world_religions,0.7060526830241497,0.6866882366000553,0.7245048616966502
